id,course_id,course_name,source_id,label,entity_type,parent_id,depth,path,layout,image_ids
C01:F:1213,C01,高等数学,1213,斯托克斯公式,floating_root,,0,斯托克斯公式,"{""x"":911.57,""y"":4788.45,""width"":117.0,""height"":35.0}",[]
C02:F:836,C02,线性代数,836,矩阵的秩,floating_root,,0,矩阵的秩,"{""x"":843.304,""y"":761.304,""width"":91.0,""height"":35.0}",[]
C05:F:1296,C05,离散数学,1296,饱和点,floating_root,,0,饱和点,"{""x"":1095.81,""y"":2612.47,""width"":75.0,""height"":33.0}",[]
C07:F:1753,C07,数据结构,1753,普通递归：,floating_root,,0,普通递归：,"{""x"":1332.18,""y"":1790.63,""width"":347.0,""height"":49.461}","[""C07:IMG:1754""]"
C07:F:1759,C07,数据结构,1759,尾递归,floating_root,,0,尾递归,"{""x"":1322.68,""y"":1884.63,""width"":329.0,""height"":49.461}","[""C07:IMG:1760""]"
C09:F:1187,C09,操作系统,1187,计算机组成原理,floating_root,,0,计算机组成原理,"{""x"":803.364,""y"":5096.31,""width"":151.0,""height"":37.6667}",[]
C09:F:1189,C09,操作系统,1189,数据结构,floating_root,,0,数据结构,"{""x"":828.792,""y"":6054.05,""width"":103.0,""height"":37.6667}",[]
C09:F:1191,C09,操作系统,1191,C语言,floating_root,,0,C语言,"{""x"":711.414,""y"":6330.77,""width"":81.6667,""height"":37.6667}",[]
C09:F:1193,C09,操作系统,1193,计算机组成原理,floating_root,,0,计算机组成原理,"{""x"":802.776,""y"":8170.77,""width"":151.0,""height"":37.6667}",[]
C09:F:1195,C09,操作系统,1195,嵌入式,floating_root,,0,嵌入式,"{""x"":602.628,""y"":4382.2,""width"":87.0,""height"":37.6667}",[]
C09:F:1203,C09,操作系统,1203,数据库,floating_root,,0,数据库,"{""x"":820.2,""y"":3210.63,""width"":87.0,""height"":37.6667}",[]
C09:F:1211,C09,操作系统,1211,计算机组成原理,floating_root,,0,计算机组成原理,"{""x"":707.2,""y"":4669.04,""width"":151.0,""height"":37.6667}",[]
C09:F:1219,C09,操作系统,1219,计算机组成原理,floating_root,,0,计算机组成原理,"{""x"":876.023,""y"":7374.51,""width"":151.0,""height"":37.6667}",[]
C09:FI:1197,C09,操作系统,1197,进程管理,floating_item,C09:F:1195,1,嵌入式 > 进程管理,"{""x"":480.262,""y"":4340.45,""width"":71.3333,""height"":23.5}",[]
C09:FI:1199,C09,操作系统,1199,内存管理,floating_item,C09:F:1195,1,嵌入式 > 内存管理,"{""x"":480.262,""y"":4370.45,""width"":71.3333,""height"":23.5}",[]
C09:FI:1201,C09,操作系统,1201,I/O管理,floating_item,C09:F:1195,1,嵌入式 > I/O管理,"{""x"":483.262,""y"":4400.45,""width"":65.3333,""height"":23.5}",[]
C09:FI:1205,C09,操作系统,1205,读锁,floating_item,C09:F:1203,1,数据库 > 读锁,"{""x"":711.167,""y"":3183.88,""width"":44.6667,""height"":23.5}",[]
C09:FI:1209,C09,操作系统,1209,写锁,floating_item,C09:F:1203,1,数据库 > 写锁,"{""x"":711.167,""y"":3213.88,""width"":44.6667,""height"":23.5}",[]
C09:FI:1213,C09,操作系统,1213,cache,floating_item,C09:F:1211,1,计算机组成原理 > cache,"{""x"":561.5,""y"":4657.29,""width"":54.0,""height"":23.5}",[]
C09:FI:1215,C09,操作系统,1215,文件的结构,floating_item,C09:F:1189,1,数据结构 > 文件的结构,"{""x"":691.759,""y"":6042.3,""width"":84.6667,""height"":23.5}",[]
C09:FI:1217,C09,操作系统,1217,文件的操作,floating_item,C09:F:1191,1,C语言 > 文件的操作,"{""x"":585.048,""y"":6319.02,""width"":84.6667,""height"":23.5}",[]
C09:FI:1221,C09,操作系统,1221,逻辑结构,floating_item,C09:FI:1215,2,数据结构 > 文件的结构 > 逻辑结构,"{""x"":570.559,""y"":6027.3,""width"":71.3333,""height"":23.5}",[]
C09:FI:1223,C09,操作系统,1223,物理结构,floating_item,C09:FI:1215,2,数据结构 > 文件的结构 > 物理结构,"{""x"":570.559,""y"":6057.3,""width"":71.3333,""height"":23.5}",[]
C10:F:5658,C10,计算机网络,5658,操作系统,floating_root,,0,操作系统,"{""x"":2078.98,""y"":4243.76,""width"":103.0,""height"":37.6667}",[]
C10:FI:5657,C10,计算机网络,5657,系统调用,floating_item,C10:F:5658,1,操作系统 > 系统调用,"{""x"":2209.35,""y"":4232.01,""width"":71.3333,""height"":23.5}",[]
C12:F:2392,C12,数据库,2392,数据库管理系统DBMS,floating_root,,0,数据库管理系统DBMS,"{""x"":3448.78,""y"":10194.4,""width"":192.8,""height"":35.4}",[]
C12:F:2401,C12,数据库,2401,数据库安全性、完整性,floating_root,,0,数据库安全性、完整性,"{""x"":2030.75,""y"":7319.65,""width"":208.0,""height"":35.4}",[]
C12:F:2406,C12,数据库,2406,C语言程序设计,floating_root,,0,C语言程序设计,"{""x"":995.809,""y"":5225.18,""width"":149.6,""height"":35.4}",[]
C12:F:2408,C12,数据库,2408,并发执行可能的问题,floating_root,,0,并发执行可能的问题,"{""x"":1429.5,""y"":8053.2,""width"":191.2,""height"":35.4}",[]
C12:F:2416,C12,数据库,2416,冗余,floating_root,,0,冗余,"{""x"":2204.96,""y"":7474.22,""width"":73.6,""height"":35.4}",[]
C12:F:2417,C12,数据库,2417,事务,floating_root,,0,事务,"{""x"":2628.78,""y"":9007.96,""width"":73.6,""height"":35.4}",[]
C12:F:2426,C12,数据库,2426,数据字典,floating_root,,0,数据字典,"{""x"":1584.29,""y"":6639.1,""width"":107.2,""height"":35.4}",[]
C12:F:3669,C12,数据库,3669,数据结构,floating_root,,0,数据结构,"{""x"":4971.44,""y"":6312.31,""width"":107.2,""height"":35.4}",[]
C12:F:3727,C12,数据库,3727,操作系统,floating_root,,0,操作系统,"{""x"":3087.21,""y"":8398.97,""width"":107.2,""height"":35.4}",[]
C12:F:3740,C12,数据库,3740,数据库完整性,floating_root,,0,数据库完整性,"{""x"":1673.88,""y"":4699.91,""width"":140.8,""height"":35.4}",[]
C12:F:3754,C12,数据库,3754,p,floating_root,,0,p,"{""x"":3249.97,""y"":4085.88,""width"":506.4,""height"":257.8}",[]
C12:F:3600,C12,数据库,3600,数据结构,floating_root,,0,数据结构,"{""x"":5028.79,""y"":1474.05,""width"":107.2,""height"":35.4}",[]
C12:F:3702,C12,数据库,3702,编译原理,floating_root,,0,编译原理,"{""x"":1933.54,""y"":6285.62,""width"":107.2,""height"":35.4}",[]
C12:F:3750,C12,数据库,3750,软件工程,floating_root,,0,软件工程,"{""x"":3414.07,""y"":4550.29,""width"":107.2,""height"":35.4}",[]
C12:F:3762,C12,数据库,3762,离散数学,floating_root,,0,离散数学,"{""x"":4916.66,""y"":2509.55,""width"":107.2,""height"":35.4}",[]
C12:F:3763,C12,数据库,3763,离散数学,floating_root,,0,离散数学,"{""x"":3416.36,""y"":6943.43,""width"":107.2,""height"":35.4}",[]
C12:F:3773,C12,数据库,3773,E-R模型,floating_root,,0,E-R模型,"{""x"":1736.21,""y"":4606.29,""width"":100.0,""height"":35.4}",[]
C12:F:3764,C12,数据库,3764,离散数学,floating_root,,0,离散数学,"{""x"":2979.85,""y"":2404.0,""width"":107.2,""height"":35.4}",[]
C12:F:3908,C12,数据库,3908,网络安全,floating_root,,0,网络安全,"{""x"":5008.39,""y"":2413.67,""width"":107.2,""height"":35.4}",[]
C12:F:3918,C12,数据库,3918,网络安全,floating_root,,0,网络安全,"{""x"":3329.76,""y"":8882.53,""width"":107.2,""height"":35.4}",[]
C12:F:3940,C12,数据库,3940,离散数学,floating_root,,0,离散数学,"{""x"":4984.97,""y"":4534.38,""width"":107.2,""height"":35.4}",[]
C12:F:3951,C12,数据库,3951,分布式数据库,floating_root,,0,分布式数据库,"{""x"":5050.79,""y"":3248.89,""width"":140.8,""height"":35.4}",[]
C12:F:3959,C12,数据库,3959,离散数学,floating_root,,0,离散数学,"{""x"":1551.58,""y"":1938.21,""width"":107.2,""height"":35.4}",[]
C12:F:3964,C12,数据库,3964,分布式数据库,floating_root,,0,分布式数据库,"{""x"":3321.97,""y"":3842.86,""width"":140.8,""height"":35.4}",[]
C12:F:3980,C12,数据库,3980,分布式数据库,floating_root,,0,分布式数据库,"{""x"":3087.21,""y"":8584.57,""width"":140.8,""height"":35.4}",[]
C12:F:3984,C12,数据库,3984,分布式数据库,floating_root,,0,分布式数据库,"{""x"":1673.5,""y"":7142.29,""width"":140.8,""height"":35.4}",[]
C12:F:3995,C12,数据库,3995,分布式数据库,floating_root,,0,分布式数据库,"{""x"":1094.07,""y"":8502.29,""width"":140.8,""height"":35.4}",[]
C12:F:4000,C12,数据库,4000,分布式数据库,floating_root,,0,分布式数据库,"{""x"":1933.54,""y"":6463.43,""width"":140.8,""height"":35.4}",[]
C12:FI:2393,C12,数据库,2393,提供,floating_item,C12:F:2392,1,数据库管理系统DBMS > 提供,"{""x"":3611.78,""y"":10184.0,""width"":46.8,""height"":20.7}",[]
C12:FI:2395,C12,数据库,2395,提供定义完整性约束条件的机制,floating_item,C12:FI:2393,2,数据库管理系统DBMS > 提供 > 提供定义完整性约束条件的机制,"{""x"":3788.18,""y"":10156.8,""width"":219.6,""height"":20.7}",[]
C12:FI:2397,C12,数据库,2397,提供完整性检查的方法,floating_item,C12:FI:2393,2,数据库管理系统DBMS > 提供 > 提供完整性检查的方法,"{""x"":3759.38,""y"":10184.0,""width"":162.0,""height"":20.7}",[]
C12:FI:2399,C12,数据库,2399,进行违约处理,floating_item,C12:FI:2393,2,数据库管理系统DBMS > 提供 > 进行违约处理,"{""x"":3730.58,""y"":10211.3,""width"":104.4,""height"":20.7}",[]
C12:FI:2402,C12,数据库,2402,保证并发事务正确执行,floating_item,C12:F:2401,1,数据库安全性、完整性 > 保证并发事务正确执行,"{""x"":1802.55,""y"":7309.3,""width"":162.0,""height"":20.7}",[]
C12:FI:2409,C12,数据库,2409,丢失修改,floating_item,C12:F:2408,1,并发执行可能的问题 > 丢失修改,"{""x"":1252.9,""y"":8015.65,""width"":75.6,""height"":20.7}",[]
C12:FI:2411,C12,数据库,2411,读脏数据,floating_item,C12:F:2408,1,并发执行可能的问题 > 读脏数据,"{""x"":1252.9,""y"":8042.85,""width"":75.6,""height"":20.7}",[]
C12:FI:2413,C12,数据库,2413,不可重复读,floating_item,C12:F:2408,1,并发执行可能的问题 > 不可重复读,"{""x"":1245.7,""y"":8070.05,""width"":90.0,""height"":20.7}",[]
C12:FI:2418,C12,数据库,2418,分为,floating_item,C12:F:2417,1,事务 > 分为,"{""x"":2525.38,""y"":8997.61,""width"":46.8,""height"":20.7}",[]
C12:FI:2420,C12,数据库,2420,获得封锁(扩展阶段),floating_item,C12:FI:2418,2,事务 > 分为 > 获得封锁(扩展阶段),"{""x"":2384.98,""y"":8984.01,""width"":147.6,""height"":20.7}",[]
C12:FI:2422,C12,数据库,2422,释放封锁(收缩阶段),floating_item,C12:FI:2418,2,事务 > 分为 > 释放封锁(收缩阶段),"{""x"":2384.98,""y"":9011.21,""width"":147.6,""height"":20.7}",[]
C12:FI:2427,C12,数据库,2427,模式信息,floating_item,C12:F:2426,1,数据字典 > 模式信息,"{""x"":1449.69,""y"":6562.4,""width"":75.6,""height"":20.7}",[]
C12:FI:2429,C12,数据库,2429,完整性,floating_item,C12:F:2426,1,数据字典 > 完整性,"{""x"":1456.89,""y"":6589.6,""width"":61.2,""height"":20.7}",[]
C12:FI:2431,C12,数据库,2431,完整性约束定义,floating_item,C12:FI:2429,2,数据字典 > 完整性 > 完整性约束定义,"{""x"":1323.69,""y"":6589.6,""width"":118.8,""height"":20.7}",[]
C12:FI:2433,C12,数据库,2433,安全性,floating_item,C12:F:2426,1,数据字典 > 安全性,"{""x"":1456.89,""y"":6616.8,""width"":61.2,""height"":20.7}",[]
C12:FI:2435,C12,数据库,2435,用户权限,floating_item,C12:FI:2433,2,数据字典 > 安全性 > 用户权限,"{""x"":1345.29,""y"":6616.8,""width"":75.6,""height"":20.7}",[]
C12:FI:2437,C12,数据库,2437,视图,floating_item,C12:F:2426,1,数据字典 > 视图,"{""x"":1464.09,""y"":6695.1,""width"":46.8,""height"":20.7}",[]
C12:FI:3670,C12,数据库,3670,树,floating_item,C12:F:3669,1,数据结构 > 树,"{""x"":5084.44,""y"":6288.36,""width"":32.4,""height"":20.7}",[]
C12:FI:3728,C12,数据库,3728,进程管理,floating_item,C12:F:3727,1,操作系统 > 进程管理,"{""x"":2952.61,""y"":8388.62,""width"":75.6,""height"":20.7}",[]
C12:FI:3601,C12,数据库,3601,图,floating_item,C12:F:3600,1,数据结构 > 图,"{""x"":5141.79,""y"":1477.3,""width"":32.4,""height"":20.7}",[]
C12:FI:3603,C12,数据库,3603,树,floating_item,C12:F:3600,1,数据结构 > 树,"{""x"":5141.79,""y"":1450.1,""width"":32.4,""height"":20.7}",[]
C12:FI:3753,C12,数据库,3753,数据流图,floating_item,C12:F:3750,1,软件工程 > 数据流图,"{""x"":3548.67,""y"":4526.34,""width"":75.6,""height"":20.7}",[]
C12:FI:3756,C12,数据库,3756,设计流程,floating_item,C12:F:3750,1,软件工程 > 设计流程,"{""x"":3548.67,""y"":4553.54,""width"":75.6,""height"":20.7}",[]
C12:FI:3909,C12,数据库,3909,身份认证,floating_item,C12:F:3908,1,网络安全 > 身份认证,"{""x"":5142.99,""y"":2403.32,""width"":75.6,""height"":20.7}",[]
C12:FI:3910,C12,数据库,3910,安全审计,floating_item,C12:FI:3909,2,网络安全 > 身份认证 > 安全审计,"{""x"":5261.79,""y"":2376.12,""width"":75.6,""height"":20.7}",[]
C12:FI:3911,C12,数据库,3911,常用网络身份认证方式,floating_item,C12:FI:3909,2,网络安全 > 身份认证 > 常用网络身份认证方式,"{""x"":5304.99,""y"":2403.32,""width"":162.0,""height"":20.7}",[]
C12:FI:3912,C12,数据库,3912,访问控制技术,floating_item,C12:FI:3909,2,网络安全 > 身份认证 > 访问控制技术,"{""x"":5276.19,""y"":2430.52,""width"":104.4,""height"":20.7}",[]
C12:FI:3919,C12,数据库,3919,身份认证,floating_item,C12:F:3918,1,网络安全 > 身份认证,"{""x"":3464.36,""y"":8872.18,""width"":75.6,""height"":20.7}",[]
C12:FI:3920,C12,数据库,3920,安全审计,floating_item,C12:FI:3919,2,网络安全 > 身份认证 > 安全审计,"{""x"":3583.16,""y"":8844.98,""width"":75.6,""height"":20.7}",[]
C12:FI:3921,C12,数据库,3921,常用网络身份认证方式,floating_item,C12:FI:3919,2,网络安全 > 身份认证 > 常用网络身份认证方式,"{""x"":3626.36,""y"":8872.18,""width"":162.0,""height"":20.7}",[]
C12:FI:3922,C12,数据库,3922,访问控制技术,floating_item,C12:FI:3919,2,网络安全 > 身份认证 > 访问控制技术,"{""x"":3597.56,""y"":8899.38,""width"":104.4,""height"":20.7}",[]
C12:FI:3925,C12,数据库,3925,哈希,floating_item,C12:F:3669,1,数据结构 > 哈希,"{""x"":5091.64,""y"":6315.56,""width"":46.8,""height"":20.7}",[]
C12:FI:3927,C12,数据库,3927,散列函数,floating_item,C12:FI:3925,2,数据结构 > 哈希 > 散列函数,"{""x"":5196.04,""y"":6315.56,""width"":75.6,""height"":20.7}",[]
C12:FI:3931,C12,数据库,3931,B+树,floating_item,C12:FI:3670,2,数据结构 > 树 > B+树,"{""x"":5167.24,""y"":6288.36,""width"":46.8,""height"":20.7}",[]
C12:FI:3941,C12,数据库,3941,命题逻辑,floating_item,C12:F:3940,1,离散数学 > 命题逻辑,"{""x"":5119.57,""y"":4496.83,""width"":75.6,""height"":20.7}",[]
C12:FI:3942,C12,数据库,3942,范式,floating_item,C12:FI:3941,2,离散数学 > 命题逻辑 > 范式,"{""x"":5223.97,""y"":4496.83,""width"":46.8,""height"":20.7}",[]
C12:FI:3943,C12,数据库,3943,集合代数,floating_item,C12:F:3940,1,离散数学 > 集合代数,"{""x"":5119.57,""y"":4524.03,""width"":75.6,""height"":20.7}",[]
C12:FI:3944,C12,数据库,3944,集合基本运算,floating_item,C12:FI:3943,2,离散数学 > 集合代数 > 集合基本运算,"{""x"":5252.77,""y"":4524.03,""width"":104.4,""height"":20.7}",[]
C12:FI:3945,C12,数据库,3945,二院关系,floating_item,C12:F:3940,1,离散数学 > 二院关系,"{""x"":5119.57,""y"":4551.23,""width"":75.6,""height"":20.7}",[]
C12:FI:3946,C12,数据库,3946,有序对,floating_item,C12:FI:3945,2,离散数学 > 二院关系 > 有序对,"{""x"":5231.17,""y"":4551.23,""width"":61.2,""height"":20.7}",[]
C12:FI:3947,C12,数据库,3947,笛卡尔积,floating_item,C12:FI:3946,3,离散数学 > 二院关系 > 有序对 > 笛卡尔积,"{""x"":5342.77,""y"":4551.23,""width"":75.6,""height"":20.7}",[]
C12:FI:3952,C12,数据库,3952,分布式数据库的模式结构,floating_item,C12:FI:3953,2,分布式数据库 > 分布式数据库基本概念 > 分布式数据库的模式结构,"{""x"":5457.79,""y"":3238.54,""width"":176.4,""height"":20.7}",[]
C12:FI:3953,C12,数据库,3953,分布式数据库基本概念,floating_item,C12:F:3951,1,分布式数据库 > 分布式数据库基本概念,"{""x"":5245.39,""y"":3238.54,""width"":162.0,""height"":20.7}",[]
C12:FI:3960,C12,数据库,3960,二元关系,floating_item,C12:F:3959,1,离散数学 > 二元关系,"{""x"":1416.98,""y"":1927.86,""width"":75.6,""height"":20.7}",[]
C12:FI:3968,C12,数据库,3968,分布式数据库的设计,floating_item,C12:F:3964,1,分布式数据库 > 分布式数据库的设计,"{""x"":3509.37,""y"":3832.51,""width"":147.6,""height"":20.7}",[]
C12:FI:3969,C12,数据库,3969,设计步骤,floating_item,C12:FI:3968,2,分布式数据库 > 分布式数据库的设计 > 设计步骤,"{""x"":3664.17,""y"":3832.51,""width"":75.6,""height"":20.7}",[]
C12:FI:3977,C12,数据库,3977,词法分析,floating_item,C12:F:3702,1,编译原理 > 词法分析,"{""x"":1798.94,""y"":6275.27,""width"":75.6,""height"":20.7}",[]
C12:FI:3982,C12,数据库,3982,锁,floating_item,C12:F:3980,1,分布式数据库 > 锁,"{""x"":2957.41,""y"":8574.22,""width"":32.4,""height"":20.7}",[]
C12:FI:3985,C12,数据库,3985,分布式事务,floating_item,C12:F:3984,1,分布式数据库 > 分布式事务,"{""x"":1514.9,""y"":7131.94,""width"":90.0,""height"":20.7}",[]
C12:FI:3989,C12,数据库,3989,分布式并发控制,floating_item,C12:F:3995,1,分布式数据库 > 分布式并发控制,"{""x"":921.071,""y"":8491.94,""width"":118.8,""height"":20.7}",[]
C12:FI:3991,C12,数据库,3991,时标机制,floating_item,C12:FI:3989,2,分布式数据库 > 分布式并发控制 > 时标机制,"{""x"":780.671,""y"":8478.34,""width"":75.6,""height"":20.7}",[]
C12:FI:3993,C12,数据库,3993,加锁机制,floating_item,C12:FI:3989,2,分布式数据库 > 分布式并发控制 > 加锁机制,"{""x"":780.671,""y"":8505.54,""width"":75.6,""height"":20.7}",[]
C12:FI:4001,C12,数据库,4001,分布式查询处理,floating_item,C12:F:4000,1,分布式数据库 > 分布式查询处理,"{""x"":1760.54,""y"":6453.08,""width"":118.8,""height"":20.7}",[]
C15:F:1948,C15,数据挖掘,1948,线性代数（矩阵）,floating_root,,0,线性代数（矩阵）,"{""x"":2319.33,""y"":1510.0,""width"":168.0,""height"":37.6667}",[]
C16:F:5678,C16,人工智能,5678,离散数学,floating_root,,0,离散数学,"{""x"":2712.76,""y"":5818.1,""width"":103.0,""height"":37.6667}",[]
C16:F:5684,C16,人工智能,5684,概率论,floating_root,,0,概率论,"{""x"":2752.67,""y"":13317.3,""width"":87.0,""height"":37.6667}",[]
C16:F:5697,C16,人工智能,5697,离散数学：演绎推理,floating_root,,0,离散数学：演绎推理,"{""x"":2702.29,""y"":9715.24,""width"":159.0,""height"":35.0}",[]
C16:F:5705,C16,人工智能,5705,数据结构：图,floating_root,,0,数据结构：图,"{""x"":2943.69,""y"":18146.3,""width"":119.0,""height"":35.0}",[]
C17:F:1720,C17,云计算,1720,"将关系型数据库和NoSQL的特点与优势进行了融合关系型数据库最典型的数据结构是表，由二维表及其之间的联系所组成的一个数据组织。优点：1、易于维护：都是使用表结构，格式一致；2、使用方便：SQL语言通用，可用于复杂查询；3、复杂操作：支持SQL，可用于一个表以及多个表之间非常复杂的查询。缺点：1、读写性能比较差，尤其是海量数据的高效率读写；2、固定的表结构，灵活度稍欠；3、高并发读写需求，传统关系型数据库来说，硬盘I/O是一个很大的瓶颈。非关系型数据库严格上不是一加粗样式种数据库，应该是一种数据结构化存储方法的集合，可以是文档或者键值对等优点：1、格式灵活：存储数据的格式可以是key,value形式、文档形式、图片形式等等，文档形式、图片形式等等，使用灵活，应用场景广泛，而关系型数据库则只支持基础类型。2、速度快：nosql可以使用硬盘或者随机存储器作为载体，而关系型数据库只能使用硬盘；3、高扩展性；4、成本低：nosql数据库部署简单，基本都是开源软件。缺点：1、不提供sql支持，学习和使用成本较高；2、无事务处理；3、数据结构相对复杂，复杂查询方面稍欠。",floating_root,,0,"将关系型数据库和NoSQL的特点与优势进行了融合关系型数据库最典型的数据结构是表，由二维表及其之间的联系所组成的一个数据组织。优点：1、易于维护：都是使用表结构，格式一致；2、使用方便：SQL语言通用，可用于复杂查询；3、复杂操作：支持SQL，可用于一个表以及多个表之间非常复杂的查询。缺点：1、读写性能比较差，尤其是海量数据的高效率读写；2、固定的表结构，灵活度稍欠；3、高并发读写需求，传统关系型数据库来说，硬盘I/O是一个很大的瓶颈。非关系型数据库严格上不是一加粗样式种数据库，应该是一种数据结构化存储方法的集合，可以是文档或者键值对等优点：1、格式灵活：存储数据的格式可以是key,value形式、文档形式、图片形式等等，文档形式、图片形式等等，使用灵活，应用场景广泛，而关系型数据库则只支持基础类型。2、速度快：nosql可以使用硬盘或者随机存储器作为载体，而关系型数据库只能使用硬盘；3、高扩展性；4、成本低：nosql数据库部署简单，基本都是开源软件。缺点：1、不提供sql支持，学习和使用成本较高；2、无事务处理；3、数据结构相对复杂，复杂查询方面稍欠。","{""x"":962.634,""y"":3008.45,""width"":394.281,""height"":34.0}",[]
C17:F:1718,C17,云计算,1718,计算机网络：网络地址转换NAT、动态主机配置协议DHCPNAT：当在专用网内部的一些主机本来已经分配到了本地IP地址（即仅在本专用网内使用的专用地址），但又想和因特网上的主机通信（并不需要加密）时，可使用NAT方法。这种方法需要在专用网（私网IP）连接到因特网（公网IP）的路由器上安装NAT软件。装有NAT软件的路由器叫做NAT路由器，它至少有一个有效的外部全球IP地址（公网IP地址）。这样，所有使用本地地址（私网IP地址）的主机在和外界通信时，都要在NAT路由器上将其本地地址转换成全球IP地址，才能和因特网连接。DHCP：指的是由服务器控制一段IP地址范围，客户机登录服务器时就可以自动获得服务器分配的IP地址和子网掩码。,floating_root,,0,计算机网络：网络地址转换NAT、动态主机配置协议DHCPNAT：当在专用网内部的一些主机本来已经分配到了本地IP地址（即仅在本专用网内使用的专用地址），但又想和因特网上的主机通信（并不需要加密）时，可使用NAT方法。这种方法需要在专用网（私网IP）连接到因特网（公网IP）的路由器上安装NAT软件。装有NAT软件的路由器叫做NAT路由器，它至少有一个有效的外部全球IP地址（公网IP地址）。这样，所有使用本地地址（私网IP地址）的主机在和外界通信时，都要在NAT路由器上将其本地地址转换成全球IP地址，才能和因特网连接。DHCP：指的是由服务器控制一段IP地址范围，客户机登录服务器时就可以自动获得服务器分配的IP地址和子网掩码。,"{""x"":1133.92,""y"":4469.93,""width"":447.547,""height"":34.0}",[]
C17:F:1726,C17,云计算,1726,网络安全：数字签名,floating_root,,0,网络安全：数字签名,"{""x"":1342.16,""y"":4706.48,""width"":173.0,""height"":34.0}",[]
C17:F:1732,C17,云计算,1732,计算机网络：虚拟局域网VLAN、虚拟专用网VPN,floating_root,,0,计算机网络：虚拟局域网VLAN、虚拟专用网VPN,"{""x"":3301.31,""y"":4050.12,""width"":365.063,""height"":34.0}",[]
C17:F:1734,C17,云计算,1734,操作系统：虚拟内存管理,floating_root,,0,操作系统：虚拟内存管理,"{""x"":3205.84,""y"":3600.23,""width"":203.0,""height"":34.0}",[]
C17:F:1736,C17,云计算,1736,计算机组成原理：虚拟存储器,floating_root,,0,计算机组成原理：虚拟存储器,"{""x"":3220.84,""y"":3856.67,""width"":233.0,""height"":34.0}",[]
C18:F:2213,C18,物联网技术,2213,嵌入式系统,floating_root,,0,嵌入式系统,"{""x"":2470.0,""y"":3332.67,""width"":99.0,""height"":33.6667}",[]
C18:F:2215,C18,物联网技术,2215,计算机网络中自组网络,floating_root,,0,计算机网络中自组网络,"{""x"":2358.2,""y"":4618.43,""width"":159.0,""height"":33.6667}",[]
C18:F:2220,C18,物联网技术,2220,大学物理：电磁波,floating_root,,0,大学物理：电磁波,"{""x"":2128.39,""y"":5353.33,""width"":135.0,""height"":33.6667}",[]
C18:F:2223,C18,物联网技术,2223,计算机网络,floating_root,,0,计算机网络,"{""x"":1998.2,""y"":8745.49,""width"":119.0,""height"":37.6667}",[]
C18:F:2227,C18,物联网技术,2227,云计算,floating_root,,0,云计算,"{""x"":1716.67,""y"":5188.67,""width"":87.0,""height"":37.6667}",[]
C18:F:2230,C18,物联网技术,2230,网络安全,floating_root,,0,网络安全,"{""x"":1750.67,""y"":6000.0,""width"":92.3333,""height"":35.0}",[]
C18:F:2200,C18,物联网技术,2200,大学物理,floating_root,,0,大学物理,"{""x"":3368.39,""y"":1553.33,""width"":103.0,""height"":37.6667}",[]
C18:F:2209,C18,物联网技术,2209,计算机网络,floating_root,,0,计算机网络,"{""x"":3631.92,""y"":1834.12,""width"":119.0,""height"":37.6667}",[]
C18:F:2226,C18,物联网技术,2226,计算机网络,floating_root,,0,计算机网络,"{""x"":3446.04,""y"":2223.92,""width"":119.0,""height"":37.6667}",[]
C18:F:2236,C18,物联网技术,2236,计算机组成原理,floating_root,,0,计算机组成原理,"{""x"":3679.76,""y"":2932.94,""width"":151.0,""height"":37.6667}",[]
C18:F:2238,C18,物联网技术,2238,大学物理,floating_root,,0,大学物理,"{""x"":3643.76,""y"":6464.85,""width"":103.0,""height"":37.6667}",[]
C18:F:2247,C18,物联网技术,2247,计算机网络,floating_root,,0,计算机网络,"{""x"":3629.21,""y"":7910.91,""width"":119.0,""height"":37.6667}",[]
C18:F:2255,C18,物联网技术,2255,计算机网络,floating_root,,0,计算机网络,"{""x"":3580.73,""y"":8281.82,""width"":119.0,""height"":37.6667}",[]
C18:FI:2201,C18,物联网技术,2201,变化的电磁场,floating_item,C18:F:2200,1,大学物理 > 变化的电磁场,"{""x"":3512.09,""y"":1541.58,""width"":98.0,""height"":23.5}",[]
C18:FI:2210,C18,物联网技术,2210,物理层,floating_item,C18:F:2209,1,计算机网络 > 物理层,"{""x"":3763.62,""y"":1822.37,""width"":58.0,""height"":23.5}",[]
C18:FI:2212,C18,物联网技术,2212,编码与调制,floating_item,C18:FI:2210,2,计算机网络 > 物理层 > 编码与调制,"{""x"":3878.15,""y"":1822.37,""width"":84.6667,""height"":23.5}",[]
C18:FI:2228,C18,物联网技术,2228,数据链路层,floating_item,C18:F:2226,1,计算机网络 > 数据链路层,"{""x"":3591.07,""y"":2212.17,""width"":84.6667,""height"":23.5}",[]
C18:FI:2233,C18,物联网技术,2233,多路访问控制（MAC）协议,floating_item,C18:FI:2228,2,计算机网络 > 数据链路层 > 多路访问控制（MAC）协议,"{""x"":3767.94,""y"":2212.17,""width"":182.667,""height"":23.5}",[]
C18:FI:2239,C18,物联网技术,2239,机械振动,floating_item,C18:F:2238,1,大学物理 > 机械振动,"{""x"":3774.13,""y"":6438.1,""width"":71.3333,""height"":23.5}",[]
C18:FI:2242,C18,物联网技术,2242,变化的电磁场,floating_item,C18:F:2238,1,大学物理 > 变化的电磁场,"{""x"":3787.46,""y"":6468.1,""width"":98.0,""height"":23.5}",[]
C18:FI:2244,C18,物联网技术,2244,电磁波,floating_item,C18:FI:2242,2,大学物理 > 变化的电磁场 > 电磁波,"{""x"":3908.66,""y"":6468.1,""width"":58.0,""height"":23.5}",[]
C18:FI:2248,C18,物联网技术,2248,物理层,floating_item,C18:F:2247,1,计算机网络 > 物理层,"{""x"":3760.91,""y"":7899.16,""width"":58.0,""height"":23.5}",[]
C18:FI:2250,C18,物联网技术,2250,编码与调制,floating_item,C18:FI:2248,2,计算机网络 > 物理层 > 编码与调制,"{""x"":3875.44,""y"":7899.16,""width"":84.6667,""height"":23.5}",[]
C18:FI:2256,C18,物联网技术,2256,数据链路层,floating_item,C18:F:2255,1,计算机网络 > 数据链路层,"{""x"":3725.76,""y"":8270.07,""width"":84.6667,""height"":23.5}",[]
C18:FI:2258,C18,物联网技术,2258,多路访问控制(MAC)协议,floating_item,C18:FI:2256,2,计算机网络 > 数据链路层 > 多路访问控制(MAC)协议,"{""x"":3893.96,""y"":8270.07,""width"":165.333,""height"":23.5}",[]
C19:F:1848,C19,嵌入式系统,1848,目标（嵌入式系统）,floating_root,,0,目标（嵌入式系统）,"{""x"":1377.88,""y"":960.368,""width"":189.0,""height"":37.5}",[]
C19:F:2618,C19,嵌入式系统,2618,计算机组成原理,floating_root,,0,计算机组成原理,"{""x"":938.429,""y"":1180.36,""width"":158.0,""height"":39.0}",[]
C19:F:2620,C19,嵌入式系统,2620,模电,floating_root,,0,模电,"{""x"":938.429,""y"":1539.89,""width"":73.0,""height"":39.0}",[]
C19:F:2624,C19,嵌入式系统,2624,数电,floating_root,,0,数电,"{""x"":994.679,""y"":1829.06,""width"":73.0,""height"":39.0}",[]
C19:F:2626,C19,嵌入式系统,2626,计算机组成原理：指令系统,floating_root,,0,计算机组成原理：指令系统,"{""x"":964.929,""y"":2450.66,""width"":243.0,""height"":39.0}",[]
C19:F:2628,C19,嵌入式系统,2628,计算机组成原理：CPU的特性结构和功能,floating_root,,0,计算机组成原理：CPU的特性结构和功能,"{""x"":1056.56,""y"":2941.49,""width"":346.047,""height"":39.0}",[]
C19:F:2632,C19,嵌入式系统,2632,计算机组成原理：存储器,floating_root,,0,计算机组成原理：存储器,"{""x"":973.429,""y"":3478.5,""width"":226.0,""height"":39.0}",[]
C19:F:2634,C19,嵌入式系统,2634,计算机组成原理：输入输出系统,floating_root,,0,计算机组成原理：输入输出系统,"{""x"":999.679,""y"":4116.21,""width"":277.0,""height"":39.0}",[]
C19:F:2636,C19,嵌入式系统,2636,计算机组成原理：系统总线,floating_root,,0,计算机组成原理：系统总线,"{""x"":973.429,""y"":4806.36,""width"":243.0,""height"":39.0}",[]
C19:F:2640,C19,嵌入式系统,2640,操作系统：输入输出系统-设备驱动程序,floating_root,,0,操作系统：输入输出系统-设备驱动程序,"{""x"":4758.64,""y"":1789.07,""width"":338.844,""height"":39.0}",[]
C19:F:2642,C19,嵌入式系统,2642,操作系统：中断机构和中断处理程序,floating_root,,0,操作系统：中断机构和中断处理程序,"{""x"":4720.43,""y"":875.786,""width"":311.0,""height"":39.0}",[]
C19:F:2644,C19,嵌入式系统,2644,操作系统,floating_root,,0,操作系统,"{""x"":4641.14,""y"":2400.07,""width"":107.0,""height"":39.0}",[]
C19:F:2646,C19,嵌入式系统,2646,C语言,floating_root,,0,C语言,"{""x"":4629.64,""y"":3935.03,""width"":85.1094,""height"":39.0}",[]
C19:F:2648,C19,嵌入式系统,2648,软件工程导论,floating_root,,0,软件工程导论,"{""x"":4658.64,""y"":4236.56,""width"":141.0,""height"":39.0}",[]
C19:F:2650,C19,嵌入式系统,2650,计算机网络,floating_root,,0,计算机网络,"{""x"":920.929,""y"":994.912,""width"":124.0,""height"":39.0}",[]
C19:F:2652,C19,嵌入式系统,2652,计算机网络,floating_root,,0,计算机网络,"{""x"":4649.89,""y"":3138.16,""width"":124.0,""height"":39.0}",[]
C20:F:1571,C20,网络与信息安全,1571,计算机网络七层模型,floating_root,,0,计算机网络七层模型,"{""x"":945.6,""y"":563.385,""width"":138.0,""height"":31.0}",[]
C20:F:1573,C20,网络与信息安全,1573,线性代数：矩阵线性变换,floating_root,,0,线性代数：矩阵线性变换,"{""x"":1147.96,""y"":4041.82,""width"":171.0,""height"":32.0}",[]
C20:F:1580,C20,网络与信息安全,1580,计算机网络,floating_root,,0,计算机网络,"{""x"":3683.0,""y"":2402.14,""width"":124.0,""height"":39.0}",[]
C20:F:1586,C20,网络与信息安全,1586,网络编程技术：socket,floating_root,,0,网络编程技术：socket,"{""x"":3772.12,""y"":2626.32,""width"":215.078,""height"":39.0}",[]
C20:F:1593,C20,网络与信息安全,1593,C语言：没有对数组引用进行边界检查,floating_root,,0,C语言：没有对数组引用进行边界检查,"{""x"":3683.0,""y"":2814.85,""width"":306.391,""height"":38.0}",[]
C20:F:1595,C20,网络与信息安全,1595,数据库：SQL注入,floating_root,,0,数据库：SQL注入,"{""x"":3887.85,""y"":2933.38,""width"":174.578,""height"":39.0}",[]
C20:F:1598,C20,网络与信息安全,1598,计算机网络,floating_root,,0,计算机网络,"{""x"":3628.71,""y"":5377.5,""width"":124.0,""height"":39.0}",[]
C20:F:1600,C20,网络与信息安全,1600,课程目的：使学生了解网络与信息安全的重要性，了解网络与信息系统所面临的安全威胁，提高安全意识，掌握网络安全的基本概念、原理和知识。了解网络的攻防技巧与技术原理，学会使用常用的攻防工具,floating_root,,0,课程目的：使学生了解网络与信息安全的重要性，了解网络与信息系统所面临的安全威胁，提高安全意识，掌握网络安全的基本概念、原理和知识。了解网络的攻防技巧与技术原理，学会使用常用的攻防工具,"{""x"":2445.5,""y"":522.5,""width"":535.0,""height"":135.0}",[]
C21:F:1801,C21,微机原理,1801,用处,floating_root,,0,用处,"{""x"":4196.07,""y"":7916.13,""width"":73.6,""height"":35.4}",[]
C21:F:2394,C21,微机原理,2394,8088寄存器,floating_root,,0,8088寄存器,"{""x"":2751.53,""y"":14216.0,""width"":125.6,""height"":35.4}",[]
C21:F:2752,C21,微机原理,2752,C语言,floating_root,,0,C语言,"{""x"":2530.81,""y"":1357.46,""width"":82.4,""height"":35.4}",[]
C21:F:3030,C21,微机原理,3030,aa99cd26747211e6768c2c536cb7821c9ab33a71.png@942w_417h_progressive,floating_root,,0,aa99cd26747211e6768c2c536cb7821c9ab33a71.png@942w_417h_progressive,"{""x"":1300.0,""y"":2070.87,""width"":536.0,""height"":53.8}",[]
C21:F:3053,C21,微机原理,3053,计算机组成原理,floating_root,,0,计算机组成原理,"{""x"":2911.79,""y"":3516.0,""width"":157.6,""height"":35.4}",[]
C21:F:3062,C21,微机原理,3062,逻辑门,floating_root,,0,逻辑门,"{""x"":800.639,""y"":3985.27,""width"":90.4,""height"":35.4}",[]
C21:F:3076,C21,微机原理,3076,数字电路,floating_root,,0,数字电路,"{""x"":3202.07,""y"":4817.71,""width"":107.2,""height"":35.4}",[]
C21:F:3369,C21,微机原理,3369,p,floating_root,,0,p,"{""x"":1255.84,""y"":7241.94,""width"":225.6,""height"":143.4}",[]
C21:F:3371,C21,微机原理,3371,数字电路,floating_root,,0,数字电路,"{""x"":949.781,""y"":7241.94,""width"":107.2,""height"":35.4}",[]
C21:F:3986,C21,微机原理,3986,数字电路,floating_root,,0,数字电路,"{""x"":2735.5,""y"":12914.0,""width"":107.2,""height"":35.4}",[]
C21:F:3991,C21,微机原理,3991,计算机组成原理,floating_root,,0,计算机组成原理,"{""x"":2460.93,""y"":3933.71,""width"":157.6,""height"":35.4}",[]
C21:F:3998,C21,微机原理,3998,微机原理,floating_root,,0,微机原理,"{""x"":2849.5,""y"":2216.0,""width"":107.2,""height"":35.4}",[]
C21:F:3999,C21,微机原理,3999,计算机组成原理,floating_root,,0,计算机组成原理,"{""x"":3306.64,""y"":2216.0,""width"":157.6,""height"":35.4}",[]
C21:F:4000,C21,微机原理,4000,汇编语言,floating_root,,0,汇编语言,"{""x"":3048.36,""y"":2060.57,""width"":107.2,""height"":35.4}",[]
C21:F:4127,C21,微机原理,4127,汇编语言,floating_root,,0,汇编语言,"{""x"":2960.36,""y"":10906.3,""width"":107.2,""height"":35.4}",[]
C21:F:4129,C21,微机原理,4129,计算机组成原理,floating_root,,0,计算机组成原理,"{""x"":2960.36,""y"":6976.0,""width"":157.6,""height"":35.4}",[]
C21:F:4136,C21,微机原理,4136,数电,floating_root,,0,数电,"{""x"":2584.09,""y"":4031.53,""width"":73.6,""height"":35.4}",[]
C21:F:4073,C21,微机原理,4073,汇编语言,floating_root,,0,汇编语言,"{""x"":2528.36,""y"":1488.0,""width"":107.2,""height"":35.4}",[]
C21:FI:1802,C21,微机原理,1802,响应中断,floating_item,C21:F:1801,1,用处 > 响应中断,"{""x"":4313.87,""y"":7892.18,""width"":75.6,""height"":20.7}",[]
C21:FI:1804,C21,微机原理,1804,子程序调用,floating_item,C21:F:1801,1,用处 > 子程序调用,"{""x"":4321.07,""y"":7919.38,""width"":90.0,""height"":20.7}",[]
C21:FI:2395,C21,微机原理,2395,CS：代码段寄存器,floating_item,C21:F:2394,1,8088寄存器 > CS：代码段寄存器,"{""x"":2924.13,""y"":14192.0,""width"":133.2,""height"":20.7}",[]
C21:FI:2397,C21,微机原理,2397,IP：指令指针寄存器,floating_item,C21:F:2394,1,8088寄存器 > IP：指令指针寄存器,"{""x"":2931.33,""y"":14219.3,""width"":147.6,""height"":20.7}",[]
C21:FI:2756,C21,微机原理,2756,#DEFINE,floating_item,C21:F:2752,1,C语言 > #DEFINE,"{""x"":2412.21,""y"":1347.11,""width"":68.4,""height"":20.7}",[]
C21:FI:4012,C21,微机原理,4012,计算机组成,floating_item,C21:F:3999,1,计算机组成原理 > 计算机组成,"{""x"":3473.64,""y"":2178.45,""width"":90.0,""height"":20.7}",[]
C21:FI:4014,C21,微机原理,4014,存储体系,floating_item,C21:F:3999,1,计算机组成原理 > 存储体系,"{""x"":3466.44,""y"":2205.65,""width"":75.6,""height"":20.7}",[]
C21:FI:4016,C21,微机原理,4016,I/O接口,floating_item,C21:F:3999,1,计算机组成原理 > I/O接口,"{""x"":3462.84,""y"":2232.85,""width"":68.4,""height"":20.7}",[]
C21:FI:4020,C21,微机原理,4020,CPU具体结构,floating_item,C21:F:3998,1,微机原理 > CPU具体结构,"{""x"":2994.9,""y"":2192.05,""width"":97.2,""height"":20.7}",[]
C21:FI:4022,C21,微机原理,4022,具体芯片,floating_item,C21:F:3998,1,微机原理 > 具体芯片,"{""x"":2984.1,""y"":2219.25,""width"":75.6,""height"":20.7}",[]
C21:FI:4089,C21,微机原理,4089,数模转换和模数转换,floating_item,C21:F:3986,1,数字电路 > 数模转换和模数转换,"{""x"":2906.1,""y"":12903.6,""width"":147.6,""height"":20.7}",[]
C22:F:1295,C22,汇编语言,1295,操作系统,floating_root,,0,操作系统,"{""x"":2673.62,""y"":4239.25,""width"":103.0,""height"":37.6667}",[]
C22:F:1307,C22,汇编语言,1307,数据结构主要介绍了栈的数据结构以及操作,floating_root,,0,数据结构主要介绍了栈的数据结构以及操作,"{""x"":792.876,""y"":2147.06,""width"":124.0,""height"":37.6667}",[]
C22:F:1310,C22,汇编语言,1310,计算机组成原理主要从逻辑层面介绍了中断处理的实现方法,floating_root,,0,计算机组成原理主要从逻辑层面介绍了中断处理的实现方法,"{""x"":2520.23,""y"":6945.55,""width"":172.0,""height"":37.6667}",[]
C22:F:1328,C22,汇编语言,1328,计算机组成原理,floating_root,,0,计算机组成原理,"{""x"":723.7,""y"":896.054,""width"":151.0,""height"":37.6667}",[]
C22:F:1330,C22,汇编语言,1330,C语言,floating_root,,0,C语言,"{""x"":677.414,""y"":3717.48,""width"":81.6667,""height"":37.6667}",[]
C22:F:1332,C22,汇编语言,1332,微机原理,floating_root,,0,微机原理,"{""x"":705.557,""y"":4436.05,""width"":103.0,""height"":37.6667}",[]
C22:FI:1297,C22,汇编语言,1297,在cpu中设置上下限寄存器，存放用户作业在主存中的下限和上限地址,floating_item,C22:F:1295,1,操作系统 > 在cpu中设置上下限寄存器，存放用户作业在主存中的下限和上限地址,"{""x"":2982.32,""y"":4212.5,""width"":428.0,""height"":23.5}",[]
C22:FI:1299,C22,汇编语言,1299,采用重定位寄存器（最小物理地址）和界地址寄存器（最大逻辑地址）实现内存保护,floating_item,C22:F:1295,1,操作系统 > 采用重定位寄存器（最小物理地址）和界地址寄存器（最大逻辑地址）实现内存保护,"{""x"":3023.99,""y"":4242.5,""width"":511.333,""height"":23.5}",[]
C23:F:1250,C23,数字电子技术,1250,模拟电子技术,floating_root,,0,模拟电子技术,"{""x"":1430.49,""y"":2501.27,""width"":135.0,""height"":37.6667}",[]
C23:F:1261,C23,数字电子技术,1261,离散数学,floating_root,,0,离散数学,"{""x"":1452.85,""y"":1513.92,""width"":103.0,""height"":37.6667}",[]
C23:F:1309,C23,数字电子技术,1309,计算机组成原理,floating_root,,0,计算机组成原理,"{""x"":1425.76,""y"":5365.21,""width"":151.0,""height"":37.6667}",[]
C23:F:1313,C23,数字电子技术,1313,软件工程,floating_root,,0,软件工程,"{""x"":1354.46,""y"":5138.15,""width"":103.0,""height"":37.6667}",[]
C23:F:1325,C23,数字电子技术,1325,计算机组成原理,floating_root,,0,计算机组成原理,"{""x"":1388.11,""y"":6529.04,""width"":151.0,""height"":37.6667}",[]
C23:F:1331,C23,数字电子技术,1331,数据库,floating_root,,0,数据库,"{""x"":1424.82,""y"":6729.04,""width"":87.0,""height"":37.6667}",[]
C23:F:1355,C23,数字电子技术,1355,汇编语言,floating_root,,0,汇编语言,"{""x"":1417.7,""y"":6911.8,""width"":103.0,""height"":37.6667}",[]
C23:F:1378,C23,数字电子技术,1378,计算机组成原理,floating_root,,0,计算机组成原理,"{""x"":1419.82,""y"":8100.04,""width"":151.0,""height"":37.6667}",[]
C23:F:1392,C23,数字电子技术,1392,模拟电子技术,floating_root,,0,模拟电子技术,"{""x"":1396.76,""y"":8901.99,""width"":135.0,""height"":37.6667}",[]
C23:F:1428,C23,数字电子技术,1428,计算机网络,floating_root,,0,计算机网络,"{""x"":1624.46,""y"":10325.9,""width"":119.0,""height"":37.6667}",[]
C23:F:1434,C23,数字电子技术,1434,微机原理,floating_root,,0,微机原理,"{""x"":1475.05,""y"":10062.4,""width"":103.0,""height"":37.6667}",[]
C23:F:1442,C23,数字电子技术,1442,嵌入式,floating_root,,0,嵌入式,"{""x"":1474.29,""y"":7647.1,""width"":87.0,""height"":37.6667}",[]
C23:F:1444,C23,数字电子技术,1444,嵌入式,floating_root,,0,嵌入式,"{""x"":1507.23,""y"":3267.1,""width"":87.0,""height"":37.6667}",[]
C23:F:1446,C23,数字电子技术,1446,计算机组成原理,floating_root,,0,计算机组成原理,"{""x"":1416.11,""y"":941.213,""width"":151.0,""height"":37.6667}",[]
C23:F:1448,C23,数字电子技术,1448,微机原理,floating_root,,0,微机原理,"{""x"":1469.76,""y"":1092.98,""width"":103.0,""height"":37.6667}",[]
C23:F:1450,C23,数字电子技术,1450,计算机组成原理,floating_root,,0,计算机组成原理,"{""x"":1390.23,""y"":4847.1,""width"":151.0,""height"":37.6667}",[]
C23:F:1454,C23,数字电子技术,1454,微机原理,floating_root,,0,微机原理,"{""x"":1331.82,""y"":6332.28,""width"":103.0,""height"":37.6667}",[]
C23:F:1456,C23,数字电子技术,1456,嵌入式,floating_root,,0,嵌入式,"{""x"":1442.94,""y"":6169.45,""width"":87.0,""height"":37.6667}",[]
C23:F:1458,C23,数字电子技术,1458,计算机组成原理,floating_root,,0,计算机组成原理,"{""x"":1366.7,""y"":7792.98,""width"":151.0,""height"":37.6667}",[]
C23:F:1462,C23,数字电子技术,1462,计算机组成原理,floating_root,,0,计算机组成原理,"{""x"":1401.99,""y"":8275.33,""width"":151.0,""height"":37.6667}",[]
C23:FI:1252,C23,数字电子技术,1252,场效应管,floating_item,C23:F:1250,1,模拟电子技术 > 场效应管,"{""x"":1284.13,""y"":2489.52,""width"":71.3333,""height"":23.5}",[]
C23:FI:1254,C23,数字电子技术,1254,结型场效应管,floating_item,C23:FI:1252,2,模拟电子技术 > 场效应管 > 结型场效应管,"{""x"":1156.26,""y"":2474.52,""width"":98.0,""height"":23.5}",[]
C23:FI:1256,C23,数字电子技术,1256,绝缘栅型场效应管（MOS管）,floating_item,C23:FI:1252,2,模拟电子技术 > 场效应管 > 绝缘栅型场效应管（MOS管）,"{""x"":1106.93,""y"":2504.52,""width"":196.667,""height"":23.5}",[]
C23:FI:1263,C23,数字电子技术,1263,命题逻辑,floating_item,C23:F:1261,1,离散数学 > 命题逻辑,"{""x"":1322.48,""y"":1479.67,""width"":71.3333,""height"":23.5}",[]
C23:FI:1265,C23,数字电子技术,1265,一阶逻辑,floating_item,C23:F:1261,1,离散数学 > 一阶逻辑,"{""x"":1322.48,""y"":1524.67,""width"":71.3333,""height"":23.5}",[]
C23:FI:1267,C23,数字电子技术,1267,组合电路,floating_item,C23:FI:1263,2,离散数学 > 命题逻辑 > 组合电路,"{""x"":1207.95,""y"":1479.67,""width"":71.3333,""height"":23.5}",[]
C23:FI:1269,C23,数字电子技术,1269,一阶逻辑符号化,floating_item,C23:FI:1265,2,离散数学 > 一阶逻辑 > 一阶逻辑符号化,"{""x"":1187.95,""y"":1509.67,""width"":111.333,""height"":23.5}",[]
C23:FI:1271,C23,数字电子技术,1271,一阶逻辑公式,floating_item,C23:FI:1265,2,离散数学 > 一阶逻辑 > 一阶逻辑公式,"{""x"":1194.61,""y"":1539.67,""width"":98.0,""height"":23.5}",[]
C23:FI:1311,C23,数字电子技术,1311,数据的运算,floating_item,C23:F:1309,1,计算机组成原理 > 数据的运算,"{""x"":1264.73,""y"":5353.46,""width"":84.6667,""height"":23.5}",[]
C23:FI:1315,C23,数字电子技术,1315,软件设计的方法,floating_item,C23:F:1313,1,软件工程 > 软件设计的方法,"{""x"":1204.1,""y"":5126.4,""width"":111.333,""height"":23.5}",[]
C23:FI:1327,C23,数字电子技术,1327,存储器,floating_item,C23:F:1325,1,计算机组成原理 > 存储器,"{""x"":1240.41,""y"":6517.29,""width"":58.0,""height"":23.5}",[]
C23:FI:1333,C23,数字电子技术,1333,触发器,floating_item,C23:F:1331,1,数据库 > 触发器,"{""x"":1309.12,""y"":6717.29,""width"":58.0,""height"":23.5}",[]
C23:FI:1357,C23,数字电子技术,1357,寄存器,floating_item,C23:F:1355,1,汇编语言 > 寄存器,"{""x"":1294.0,""y"":6900.05,""width"":58.0,""height"":23.5}",[]
C23:FI:1380,C23,数字电子技术,1380,数据的运算,floating_item,C23:F:1378,1,计算机组成原理 > 数据的运算,"{""x"":1258.78,""y"":8088.29,""width"":84.6667,""height"":23.5}",[]
C23:FI:1382,C23,数字电子技术,1382,移位运算,floating_item,C23:FI:1380,2,计算机组成原理 > 数据的运算 > 移位运算,"{""x"":1137.58,""y"":8088.29,""width"":71.3333,""height"":23.5}",[]
C23:FI:1394,C23,数字电子技术,1394,波形的产生与信号的转换,floating_item,C23:F:1392,1,模拟电子技术 > 波形的产生与信号的转换,"{""x"":1203.73,""y"":8890.24,""width"":164.667,""height"":23.5}",[]
C23:FI:1405,C23,数字电子技术,1405,电压比较器,floating_item,C23:FI:1394,2,模拟电子技术 > 波形的产生与信号的转换 > 电压比较器,"{""x"":1035.86,""y"":8882.74,""width"":84.6667,""height"":23.5}",[]
C23:FI:1407,C23,数字电子技术,1407,基本运算电路,floating_item,C23:FI:1394,2,模拟电子技术 > 波形的产生与信号的转换 > 基本运算电路,"{""x"":1029.19,""y"":8927.74,""width"":98.0,""height"":23.5}",[]
C23:FI:1410,C23,数字电子技术,1410,积分运算电路,floating_item,C23:FI:1407,3,模拟电子技术 > 波形的产生与信号的转换 > 基本运算电路 > 积分运算电路,"{""x"":887.992,""y"":8912.74,""width"":98.0,""height"":23.5}",[]
C23:FI:1412,C23,数字电子技术,1412,微分运算电路,floating_item,C23:FI:1407,3,模拟电子技术 > 波形的产生与信号的转换 > 基本运算电路 > 微分运算电路,"{""x"":887.992,""y"":8942.74,""width"":98.0,""height"":23.5}",[]
C23:FI:1415,C23,数字电子技术,1415,正弦波振荡电路,floating_item,C23:FI:1394,2,模拟电子技术 > 波形的产生与信号的转换 > 正弦波振荡电路,"{""x"":1022.53,""y"":8852.74,""width"":111.333,""height"":23.5}",[]
C23:FI:1430,C23,数字电子技术,1430,物理层,floating_item,C23:F:1428,1,计算机网络 > 物理层,"{""x"":1492.76,""y"":10314.2,""width"":58.0,""height"":23.5}",[]
C23:FI:1452,C23,数字电子技术,1452,硬布线控制器,floating_item,C23:F:1450,1,计算机组成原理 > 硬布线控制器,"{""x"":1222.53,""y"":4835.35,""width"":98.0,""height"":23.5}",[]
C23:FI:1460,C23,数字电子技术,1460,微操作控制器,floating_item,C23:F:1458,1,计算机组成原理 > 微操作控制器,"{""x"":1199.0,""y"":7781.23,""width"":98.0,""height"":23.5}",[]
C23:FI:1464,C23,数字电子技术,1464,程序计数器,floating_item,C23:F:1462,1,计算机组成原理 > 程序计数器,"{""x"":1240.96,""y"":8263.58,""width"":84.6667,""height"":23.5}",[]
C24:F:1624,C24,模拟电子技术,1624,数字图像处理,floating_root,,0,数字图像处理,"{""x"":1427.35,""y"":8406.53,""width"":137.0,""height"":37.0}",[]
C24:F:1626,C24,模拟电子技术,1626,浮动主题,floating_root,,0,浮动主题,"{""x"":3275.65,""y"":3530.29,""width"":105.0,""height"":37.0}",[]
C24:F:1630,C24,模拟电子技术,1630,嵌入式,floating_root,,0,嵌入式,"{""x"":1326.0,""y"":2202.5,""width"":89.0,""height"":37.0}",[]
C24:F:1632,C24,模拟电子技术,1632,数字电子技术,floating_root,,0,数字电子技术,"{""x"":1240.5,""y"":2492.5,""width"":137.0,""height"":37.0}",[]
C24:F:1634,C24,模拟电子技术,1634,浮动主题,floating_root,,0,浮动主题,"{""x"":1364.56,""y"":7911.76,""width"":105.0,""height"":37.0}",[]
C24:FI:1628,C24,模拟电子技术,1628,频率域,floating_item,C24:F:1624,1,数字图像处理 > 频率域,"{""x"":1289.35,""y"":8395.78,""width"":59.0,""height"":21.5}",[]
C25:F:1889,C25,数字图像处理,1889,计算机图形学,floating_root,,0,计算机图形学,"{""x"":2835.19,""y"":5570.31,""width"":140.8,""height"":35.4}",[]
C25:F:1903,C25,数字图像处理,1903,RGB颜色模型,floating_root,,0,RGB颜色模型,"{""x"":2630.96,""y"":612.811,""width"":133.6,""height"":35.4}",[]
C25:F:1912,C25,数字图像处理,1912,高数,floating_root,,0,高数,"{""x"":1273.54,""y"":8635.6,""width"":73.6,""height"":35.4}",[]
C25:F:1915,C25,数字图像处理,1915,计算机图形学,floating_root,,0,计算机图形学,"{""x"":3847.07,""y"":5089.05,""width"":140.8,""height"":35.4}",[]
C25:F:1918,C25,数字图像处理,1918,数据结构,floating_root,,0,数据结构,"{""x"":1089.06,""y"":5410.87,""width"":107.2,""height"":35.4}",[]
C25:F:1921,C25,数字图像处理,1921,计算机图形学,floating_root,,0,计算机图形学,"{""x"":2840.92,""y"":2873.32,""width"":140.8,""height"":35.4}",[]
C25:F:1926,C25,数字图像处理,1926,高数,floating_root,,0,高数,"{""x"":2763.26,""y"":7363.32,""width"":73.6,""height"":35.4}",[]
C25:F:1949,C25,数字图像处理,1949,高数,floating_root,,0,高数,"{""x"":1405.73,""y"":3648.61,""width"":73.6,""height"":35.4}",[]
C25:F:1956,C25,数字图像处理,1956,集合论术语,floating_root,,0,集合论术语,"{""x"":1643.04,""y"":4992.37,""width"":124.0,""height"":35.4}",[]
C25:F:2902,C25,数字图像处理,2902,模拟电路,floating_root,,0,模拟电路,"{""x"":2823.21,""y"":9580.57,""width"":107.2,""height"":35.4}",[]
C25:F:2915,C25,数字图像处理,2915,高数,floating_root,,0,高数,"{""x"":1463.79,""y"":2123.43,""width"":73.6,""height"":35.4}",[]
C25:F:2924,C25,数字图像处理,2924,概率论,floating_root,,0,概率论,"{""x"":2290.07,""y"":2256.77,""width"":90.4,""height"":35.4}",[]
C25:F:2867,C25,数字图像处理,2867,计算机图形学,floating_root,,0,计算机图形学,"{""x"":4022.64,""y"":6049.71,""width"":140.8,""height"":35.4}",[]
C25:FI:1884,C25,数字图像处理,1884,公式,floating_item,C25:FI:2920,3,高数 > 重积分 > 惯量 > 公式,"{""x"":1165.99,""y"":2099.48,""width"":46.8,""height"":20.7}","[""C25:IMG:1888""]"
C25:FI:1913,C25,数字图像处理,1913,拉格朗日乘数法,floating_item,C25:F:1912,1,高数 > 拉格朗日乘数法,"{""x"":1134.14,""y"":8625.25,""width"":118.8,""height"":20.7}",[]
C25:FI:1916,C25,数字图像处理,1916,种子填充法,floating_item,C25:F:1915,1,计算机图形学 > 种子填充法,"{""x"":4005.67,""y"":5078.7,""width"":90.0,""height"":20.7}",[]
C25:FI:1919,C25,数字图像处理,1919,Huffman树,floating_item,C25:F:1918,1,数据结构 > Huffman树,"{""x"":950.86,""y"":5386.92,""width"":82.8,""height"":20.7}",[]
C25:FI:1922,C25,数字图像处理,1922,颜色模型,floating_item,C25:F:1921,1,计算机图形学 > 颜色模型,"{""x"":2992.32,""y"":2862.97,""width"":75.6,""height"":20.7}",[]
C25:FI:1950,C25,数字图像处理,1950,梯度,floating_item,C25:FI:2914,2,高数 > 多元函数微分法及其应用 > 梯度,"{""x"":1082.73,""y"":3611.06,""width"":46.8,""height"":20.7}",[]
C25:FI:1954,C25,数字图像处理,1954,方向角,floating_item,C25:FI:2929,2,高数 > 向量代数与空间解析几何 > 方向角,"{""x"":1075.53,""y"":3638.26,""width"":61.2,""height"":20.7}",[]
C25:FI:1957,C25,数字图像处理,1957,形态学处理语言中，二值图像A和结构元素B都是二维笛卡尔网络的集合,floating_item,C25:F:1956,1,集合论术语 > 形态学处理语言中，二值图像A和结构元素B都是二维笛卡尔网络的集合,"{""x"":1305.64,""y"":4932.94,""width"":464.4,""height"":20.7}",[]
C25:FI:1959,C25,数字图像处理,1959,膨胀,floating_item,C25:F:1956,1,集合论术语 > 膨胀,"{""x"":1514.44,""y"":4980.1,""width"":46.8,""height"":20.7}",[]
C25:FI:1961,C25,数字图像处理,1961,定义,floating_item,C25:FI:1959,2,集合论术语 > 膨胀 > 定义,"{""x"":1424.44,""y"":4980.1,""width"":46.8,""height"":20.7}","[""C25:IMG:1965""]"
C25:FI:1966,C25,数字图像处理,1966,腐蚀,floating_item,C25:F:1956,1,集合论术语 > 腐蚀,"{""x"":1514.44,""y"":5031.1,""width"":46.8,""height"":20.7}",[]
C25:FI:1968,C25,数字图像处理,1968,定义,floating_item,C25:FI:1966,2,集合论术语 > 腐蚀 > 定义,"{""x"":1424.44,""y"":5031.1,""width"":46.8,""height"":20.7}","[""C25:IMG:1972""]"
C25:FI:2883,C25,数字图像处理,2883,无穷级数,floating_item,C25:F:1926,1,高数 > 无穷级数,"{""x"":2881.06,""y"":7352.97,""width"":75.6,""height"":20.7}",[]
C25:FI:2885,C25,数字图像处理,2885,欧拉公式,floating_item,C25:FI:2883,2,高数 > 无穷级数 > 欧拉公式,"{""x"":2999.86,""y"":7339.37,""width"":75.6,""height"":20.7}",[]
C25:FI:2887,C25,数字图像处理,2887,傅里叶级数,floating_item,C25:FI:2883,2,高数 > 无穷级数 > 傅里叶级数,"{""x"":3007.06,""y"":7366.57,""width"":90.0,""height"":20.7}",[]
C25:FI:2904,C25,数字图像处理,2904,信号的发生与转换,floating_item,C25:F:2902,1,模拟电路 > 信号的发生与转换,"{""x"":2986.61,""y"":9570.22,""width"":133.2,""height"":20.7}",[]
C25:FI:2916,C25,数字图像处理,2916,重积分,floating_item,C25:F:2915,1,高数 > 重积分,"{""x"":1353.19,""y"":2113.08,""width"":61.2,""height"":20.7}",[]
C25:FI:2920,C25,数字图像处理,2920,惯量,floating_item,C25:FI:2916,2,高数 > 重积分 > 惯量,"{""x"":1255.99,""y"":2099.48,""width"":46.8,""height"":20.7}",[]
C25:FI:2922,C25,数字图像处理,2922,质心,floating_item,C25:FI:2916,2,高数 > 重积分 > 质心,"{""x"":1255.99,""y"":2126.68,""width"":46.8,""height"":20.7}",[]
C25:FI:2926,C25,数字图像处理,2926,随机变量数字特征,floating_item,C25:F:2924,1,概率论 > 随机变量数字特征,"{""x"":2135.07,""y"":2246.42,""width"":133.2,""height"":20.7}",[]
C25:FI:2912,C25,数字图像处理,2912,导数与微分,floating_item,C25:F:1949,1,高数 > 导数与微分,"{""x"":1280.73,""y"":3665.46,""width"":90.0,""height"":20.7}",[]
C25:FI:2914,C25,数字图像处理,2914,多元函数微分法及其应用,floating_item,C25:F:1949,1,高数 > 多元函数微分法及其应用,"{""x"":1237.53,""y"":3611.06,""width"":176.4,""height"":20.7}",[]
C25:FI:2919,C25,数字图像处理,2919,导数,floating_item,C25:FI:2912,2,高数 > 导数与微分 > 导数,"{""x"":1169.13,""y"":3665.46,""width"":46.8,""height"":20.7}",[]
C25:FI:2929,C25,数字图像处理,2929,向量代数与空间解析几何,floating_item,C25:F:1949,1,高数 > 向量代数与空间解析几何,"{""x"":1237.53,""y"":3638.26,""width"":176.4,""height"":20.7}",[]
C25:FI:2935,C25,数字图像处理,2935,(四叉)树,floating_item,C25:F:1918,1,数据结构 > (四叉)树,"{""x"":954.46,""y"":5414.12,""width"":75.6,""height"":20.7}",[]
C26:F:1179,C26,计算机图形学,1179,线性代数,floating_root,,0,线性代数,"{""x"":3428.36,""y"":4464.36,""width"":104.0,""height"":38.6}",[]
C26:F:1323,C26,计算机图形学,1323,数字图像处理,floating_root,,0,数字图像处理,"{""x"":3308.19,""y"":4109.9,""width"":136.0,""height"":38.6}",[]
C26:F:1994,C26,计算机图形学,1994,高等数学,floating_root,,0,高等数学,"{""x"":1361.97,""y"":8847.85,""width"":107.2,""height"":35.4}",[]
C26:F:2150,C26,计算机图形学,2150,数据结构,floating_root,,0,数据结构,"{""x"":3138.96,""y"":10767.4,""width"":107.2,""height"":35.4}",[]
C26:F:2170,C26,计算机图形学,2170,数字图像处理,floating_root,,0,数字图像处理,"{""x"":1091.48,""y"":11316.2,""width"":140.8,""height"":35.4}",[]
C26:F:2285,C26,计算机图形学,2285,数据结构,floating_root,,0,数据结构,"{""x"":2973.3,""y"":12473.0,""width"":107.2,""height"":35.4}",[]
C26:F:2372,C26,计算机图形学,2372,数据结构,floating_root,,0,数据结构,"{""x"":3249.06,""y"":3129.94,""width"":107.2,""height"":35.4}",[]
C26:F:2390,C26,计算机图形学,2390,数字图像处理,floating_root,,0,数字图像处理,"{""x"":3308.19,""y"":3506.22,""width"":140.8,""height"":35.4}",[]
C26:F:2418,C26,计算机图形学,2418,数字图像处理,floating_root,,0,数字图像处理,"{""x"":1191.92,""y"":4839.28,""width"":140.8,""height"":35.4}",[]
C26:F:2433,C26,计算机图形学,2433,数据结构,floating_root,,0,数据结构,"{""x"":3138.96,""y"":9702.79,""width"":107.2,""height"":35.4}",[]
C26:F:2445,C26,计算机图形学,2445,数据结构,floating_root,,0,数据结构,"{""x"":3138.96,""y"":10147.4,""width"":107.2,""height"":35.4}",[]
C26:FI:1818,C26,计算机图形学,1818,矩阵及其运算,floating_item,C26:F:1179,1,线性代数 > 矩阵及其运算,"{""x"":3575.76,""y"":4454.01,""width"":104.4,""height"":20.7}",[]
C26:FI:1995,C26,计算机图形学,1995,无穷级数,floating_item,C26:F:1994,1,高等数学 > 无穷级数,"{""x"":1227.37,""y"":8837.5,""width"":75.6,""height"":20.7}",[]
C26:FI:1997,C26,计算机图形学,1997,幂级数展开（牛顿二项式定理）,floating_item,C26:FI:1995,2,高等数学 > 无穷级数 > 幂级数展开（牛顿二项式定理）,"{""x"":1036.57,""y"":8837.5,""width"":219.6,""height"":20.7}",[]
C26:FI:2151,C26,计算机图形学,2151,排序,floating_item,C26:F:2150,1,数据结构 > 排序,"{""x"":3259.16,""y"":10729.8,""width"":46.8,""height"":20.7}",[]
C26:FI:2153,C26,计算机图形学,2153,冒泡排序算法,floating_item,C26:FI:2151,2,数据结构 > 排序 > 冒泡排序算法,"{""x"":3377.96,""y"":10729.8,""width"":104.4,""height"":20.7}",[]
C26:FI:2155,C26,计算机图形学,2155,堆,floating_item,C26:F:2150,1,数据结构 > 堆,"{""x"":3251.96,""y"":10784.2,""width"":32.4,""height"":20.7}",[]
C26:FI:2157,C26,计算机图形学,2157,堆栈,floating_item,C26:FI:2155,2,数据结构 > 堆 > 堆栈,"{""x"":3334.76,""y"":10784.2,""width"":46.8,""height"":20.7}",[]
C26:FI:2167,C26,计算机图形学,2167,数组,floating_item,C26:F:2150,1,数据结构 > 数组,"{""x"":3259.16,""y"":10757.0,""width"":46.8,""height"":20.7}",[]
C26:FI:2172,C26,计算机图形学,2172,彩色处理,floating_item,C26:F:2170,1,数字图像处理 > 彩色处理,"{""x"":940.083,""y"":11305.9,""width"":75.6,""height"":20.7}",[]
C26:FI:2286,C26,计算机图形学,2286,树,floating_item,C26:F:2285,1,数据结构 > 树,"{""x"":3086.3,""y"":12462.7,""width"":32.4,""height"":20.7}",[]
C26:FI:2288,C26,计算机图形学,2288,二叉光线跟踪树,floating_item,C26:FI:2286,2,数据结构 > 树 > 二叉光线跟踪树,"{""x"":3205.1,""y"":12462.7,""width"":118.8,""height"":20.7}",[]
C26:FI:2373,C26,计算机图形学,2373,冒泡排序法,floating_item,C26:FI:2377,3,数据结构 > 排序 > 常见排序算法 > 冒泡排序法,"{""x"":3628.46,""y"":3099.19,""width"":90.0,""height"":20.7}",[]
C26:FI:2374,C26,计算机图形学,2374,插入排序法,floating_item,C26:FI:2377,3,数据结构 > 排序 > 常见排序算法 > 插入排序法,"{""x"":3628.46,""y"":3126.39,""width"":90.0,""height"":20.7}",[]
C26:FI:2375,C26,计算机图形学,2375,线性表,floating_item,C26:F:2372,1,数据结构 > 线性表,"{""x"":3376.46,""y"":3071.99,""width"":61.2,""height"":20.7}",[]
C26:FI:2376,C26,计算机图形学,2376,排序,floating_item,C26:F:2372,1,数据结构 > 排序,"{""x"":3369.26,""y"":3112.79,""width"":46.8,""height"":20.7}",[]
C26:FI:2377,C26,计算机图形学,2377,常见排序算法,floating_item,C26:FI:2376,2,数据结构 > 排序 > 常见排序算法,"{""x"":3488.06,""y"":3112.79,""width"":104.4,""height"":20.7}",[]
C26:FI:2378,C26,计算机图形学,2378,存储结构,floating_item,C26:FI:2375,2,数据结构 > 线性表 > 存储结构,"{""x"":3488.06,""y"":3071.99,""width"":75.6,""height"":20.7}",[]
C26:FI:2379,C26,计算机图形学,2379,链式结构,floating_item,C26:FI:2378,3,数据结构 > 线性表 > 存储结构 > 链式结构,"{""x"":3606.86,""y"":3071.99,""width"":75.6,""height"":20.7}",[]
C26:FI:2380,C26,计算机图形学,2380,图,floating_item,C26:F:2372,1,数据结构 > 图,"{""x"":3362.06,""y"":3167.19,""width"":32.4,""height"":20.7}",[]
C26:FI:2381,C26,计算机图形学,2381,图的遍历,floating_item,C26:FI:2380,2,数据结构 > 图 > 图的遍历,"{""x"":3459.26,""y"":3167.19,""width"":75.6,""height"":20.7}",[]
C26:FI:2382,C26,计算机图形学,2382,深度优先算法,floating_item,C26:FI:2381,3,数据结构 > 图 > 图的遍历 > 深度优先算法,"{""x"":3592.46,""y"":3153.59,""width"":104.4,""height"":20.7}",[]
C26:FI:2383,C26,计算机图形学,2383,广度优先算法,floating_item,C26:FI:2381,3,数据结构 > 图 > 图的遍历 > 广度优先算法,"{""x"":3592.46,""y"":3180.79,""width"":104.4,""height"":20.7}",[]
C26:FI:2391,C26,计算机图形学,2391,图像分割,floating_item,C26:F:2390,1,数字图像处理 > 图像分割,"{""x"":3459.59,""y"":3495.87,""width"":75.6,""height"":20.7}",[]
C26:FI:2392,C26,计算机图形学,2392,区域分割,floating_item,C26:FI:2391,2,数字图像处理 > 图像分割 > 区域分割,"{""x"":3578.39,""y"":3495.87,""width"":75.6,""height"":20.7}",[]
C26:FI:2393,C26,计算机图形学,2393,区域生长法,floating_item,C26:FI:2392,3,数字图像处理 > 图像分割 > 区域分割 > 区域生长法,"{""x"":3704.39,""y"":3495.87,""width"":90.0,""height"":20.7}",[]
C26:FI:2406,C26,计算机图形学,2406,颜色描述,floating_item,C26:FI:2408,2,数字图像处理 > 图像表示与描述 > 颜色描述,"{""x"":3619.19,""y"":4099.55,""width"":75.6,""height"":20.7}",[]
C26:FI:2407,C26,计算机图形学,2407,灰度特征,floating_item,C26:FI:2406,3,数字图像处理 > 图像表示与描述 > 颜色描述 > 灰度特征,"{""x"":3737.99,""y"":4099.55,""width"":75.6,""height"":20.7}",[]
C26:FI:2408,C26,计算机图形学,2408,图像表示与描述,floating_item,C26:F:1323,1,数字图像处理 > 图像表示与描述,"{""x"":3478.79,""y"":4099.55,""width"":118.8,""height"":20.7}",[]
C26:FI:2419,C26,计算机图形学,2419,图像基本运算,floating_item,C26:F:2418,1,数字图像处理 > 图像基本运算,"{""x"":1026.12,""y"":4828.93,""width"":104.4,""height"":20.7}",[]
C26:FI:2420,C26,计算机图形学,2420,几何运算,floating_item,C26:FI:2419,2,数字图像处理 > 图像基本运算 > 几何运算,"{""x"":892.916,""y"":4828.93,""width"":75.6,""height"":20.7}",[]
C26:FI:2434,C26,计算机图形学,2434,树,floating_item,C26:F:2433,1,数据结构 > 树,"{""x"":3251.96,""y"":9692.44,""width"":32.4,""height"":20.7}",[]
C26:FI:2435,C26,计算机图形学,2435,CSG树,floating_item,C26:FI:2434,2,数据结构 > 树 > CSG树,"{""x"":3338.36,""y"":9665.24,""width"":54.0,""height"":20.7}",[]
C26:FI:2436,C26,计算机图形学,2436,八叉树,floating_item,C26:FI:2434,2,数据结构 > 树 > 八叉树,"{""x"":3341.96,""y"":9692.44,""width"":61.2,""height"":20.7}",[]
C26:FI:2437,C26,计算机图形学,2437,BSP树,floating_item,C26:FI:2434,2,数据结构 > 树 > BSP树,"{""x"":3338.36,""y"":9719.64,""width"":54.0,""height"":20.7}",[]
C26:FI:2438,C26,计算机图形学,2438,线性表,floating_item,C26:F:2445,1,数据结构 > 线性表,"{""x"":3266.36,""y"":10137.1,""width"":61.2,""height"":20.7}",[]
C26:FI:2450,C26,计算机图形学,2450,彩色模型,floating_item,C26:FI:2172,2,数字图像处理 > 彩色处理 > 彩色模型,"{""x"":821.283,""y"":11305.9,""width"":75.6,""height"":20.7}",[]
