id,course_id,course_name,source_id,entity_type,source_shape_type,label,nearest_parent_id,nearest_parent_label,layout
C07:ANCH:1730,C07,数据结构,1730,structural_anchor,Floating,无文字结构节点 1730,,,"{""x"":1204.24,""y"":559.178,""width"":295.0,""height"":108.644}"
C07:ANCH:1777,C07,数据结构,1777,structural_anchor,Floating,无文字结构节点 1777,,,"{""x"":4051.96,""y"":4374.85,""width"":295.0,""height"":100.791}"
C11:ANCH:4819,C11,编译原理,4819,structural_anchor,SubTopic,无文字结构节点 4819,C11:K:4810,分析过程,"{""x"":1331.73,""y"":30749.3,""width"":260.0,""height"":167.5}"
C11:ANCH:4822,C11,编译原理,4822,structural_anchor,SubTopic,无文字结构节点 4822,C11:K:4810,分析过程,"{""x"":1318.73,""y"":30915.8,""width"":286.0,""height"":152.5}"
C11:ANCH:4816,C11,编译原理,4816,structural_anchor,SubTopic,无文字结构节点 4816,C11:K:4810,分析过程,"{""x"":1589.57,""y"":30834.1,""width"":169.267,""height"":156.923}"
C11:ANCH:4904,C11,编译原理,4904,structural_anchor,SubTopic,无文字结构节点 4904,C11:K:4897,为每一个语义规则建立一个包含赋值的动作，并把这个动作放在相应的产生式右边的末尾,"{""x"":970.633,""y"":31476.3,""width"":219.0,""height"":50.5}"
C11:ANCH:4907,C11,编译原理,4907,structural_anchor,SubTopic,无文字结构节点 4907,C11:K:4897,为每一个语义规则建立一个包含赋值的动作，并把这个动作放在相应的产生式右边的末尾,"{""x"":960.3,""y"":31536.0,""width"":239.667,""height"":55.9431}"
C11:ANCH:5623,C11,编译原理,5623,structural_anchor,SubTopic,无文字结构节点 5623,C11:K:5619,布尔表达式的文法,"{""x"":1327.1,""y"":24939.3,""width"":135.133,""height"":136.728}"
C11:ANCH:4916,C11,编译原理,4916,structural_anchor,SummaryTopic,无文字结构节点 4916,,,"{""x"":952.324,""y"":31641.6,""width"":259.353,""height"":71.1366}"
C12:ANCH:338,C12,数据库,338,structural_anchor,SubTopic,无文字结构节点 338,C12:K:286,数据库系统结构,"{""x"":4187.47,""y"":3321.36,""width"":439.364,""height"":225.46}"
C15:ANCH:238,C15,数据挖掘,238,structural_anchor,SubTopic,无文字结构节点 238,C15:K:236,instance,"{""x"":1941.77,""y"":1504.38,""width"":381.135,""height"":172.641}"
C17:ANCH:154,C17,云计算,154,structural_anchor,Floating,无文字结构节点 154,,,"{""x"":874.14,""y"":1293.07,""width"":294.0,""height"":156.368}"
C17:ANCH:1743,C17,云计算,1743,structural_anchor,Floating,无文字结构节点 1743,,,"{""x"":1118.0,""y"":1932.86,""width"":238.722,""height"":216.0}"
C19:ANCH:1831,C19,嵌入式系统,1831,structural_anchor,Floating,无文字结构节点 1831,,,"{""x"":3068.0,""y"":624.19,""width"":627.101,""height"":310.259}"
C20:ANCH:704,C20,网络与信息安全,704,structural_anchor,Floating,无文字结构节点 704,,,"{""x"":890.198,""y"":6405.9,""width"":295.0,""height"":215.768}"
C20:ANCH:749,C20,网络与信息安全,749,structural_anchor,Floating,无文字结构节点 749,,,"{""x"":871.444,""y"":6091.93,""width"":295.0,""height"":205.722}"
C21:ANCH:172,C21,微机原理,172,structural_anchor,SubTopic,无文字结构节点 172,C21:K:170,表达式,"{""x"":4140.79,""y"":4849.78,""width"":274.0,""height"":42.2677}"
C21:ANCH:183,C21,微机原理,183,structural_anchor,SubTopic,无文字结构节点 183,C21:K:181,表达式,"{""x"":3879.39,""y"":4923.87,""width"":104.0,""height"":38.5}"
C24:ANCH:1471,C24,模拟电子技术,1471,structural_anchor,Floating,无文字结构节点 1471,,,"{""x"":4042.44,""y"":2531.04,""width"":399.65,""height"":262.6}"
C25:ANCH:1092,C25,数字图像处理,1092,structural_anchor,SubTopic,无文字结构节点 1092,C25:K:1090,公式,"{""x"":1845.41,""y"":8460.88,""width"":274.0,""height"":74.4337}"
C25:ANCH:1095,C25,数字图像处理,1095,structural_anchor,SubTopic,无文字结构节点 1095,C25:ANCH:1092,,"{""x"":1528.21,""y"":8479.31,""width"":274.0,""height"":37.5779}"
C25:ANCH:1098,C25,数字图像处理,1098,structural_anchor,SubTopic,无文字结构节点 1098,C25:ANCH:1095,,"{""x"":1229.51,""y"":8483.35,""width"":237.0,""height"":29.5}"
C25:ANCH:1329,C25,数字图像处理,1329,structural_anchor,SubTopic,无文字结构节点 1329,C25:K:1323,边缘连接,"{""x"":2154.41,""y"":4157.97,""width"":160.0,""height"":50.5}"
C25:ANCH:1269,C25,数字图像处理,1269,structural_anchor,SubTopic,无文字结构节点 1269,C25:K:1267,梯度算子,"{""x"":1876.61,""y"":3697.07,""width"":118.0,""height"":59.5}"
C25:ANCH:767,C25,数字图像处理,767,structural_anchor,SummaryTopic,无文字结构节点 767,,,"{""x"":1396.11,""y"":9793.3,""width"":393.4,""height"":67.0}"
C25:ANCH:1975,C25,数字图像处理,1975,structural_anchor,Floating,无文字结构节点 1975,,,"{""x"":3021.0,""y"":1038.63,""width"":413.0,""height"":128.0}"
C26:ANCH:1105,C26,计算机图形学,1105,structural_anchor,SubTopic,无文字结构节点 1105,C26:K:1092,系数矩阵,"{""x"":2550.72,""y"":5219.99,""width"":135.0,""height"":107.5}"
C26:ANCH:897,C26,计算机图形学,897,structural_anchor,SubTopic,无文字结构节点 897,C26:K:889,Cohen-Sutherland算法(编码裁剪算法),"{""x"":2928.82,""y"":4634.25,""width"":274.0,""height"":143.569}"
C26:ANCH:413,C26,计算机图形学,413,structural_anchor,SubTopic,无文字结构节点 413,C26:K:411,能量关系,"{""x"":2585.42,""y"":11706.5,""width"":144.0,""height"":30.5}"
