id,source_id,label,source_label,entity_type,linked_course_id,linked_course_name,layout
OV:101,101,26门课程总览,中心主题,overview_root,,,"{'x': 2121.5, 'y': 1248.0, 'width': 152.84, 'height': 64.0}"
OV:102,102,高等数学,高等数学,course_reference,C01,高等数学,"{'x': 2203.1, 'y': 1116.0, 'width': 103.0, 'height': 37.6}"
OV:103,103,概率论与数理统计,概率论与数理统计,course_reference,C03,概率论与数理统计,"{'x': 2327.32, 'y': 1204.0, 'width': 167.0, 'height': 37.6}"
OV:104,104,大学物理学,大学物理学,course_reference,C04,大学物理,"{'x': 2014.3, 'y': 1314.4, 'width': 119.0, 'height': 37.6}"
OV:105,105,线性代数,线性代数,course_reference,C02,线性代数,"{'x': 2014.3, 'y': 1158.4, 'width': 103.0, 'height': 37.6}"
OV:106,106,离散数学,离散数学,course_reference,C05,离散数学,"{'x': 2264.7, 'y': 1360.8, 'width': 103.0, 'height': 37.6}"
OV:123,123,C语言-1,C语言-1,course_reference,C06,高级语言程序设计（C语言）,"{'x': 2010.94, 'y': 2086.1, 'width': 98.2, 'height': 37.6}"
OV:124,124,模拟电子技术,模拟电子技术,course_reference,C24,模拟电子技术,"{'x': 3320.9, 'y': 1675.2, 'width': 135.0, 'height': 37.6}"
OV:125,125,数字电子技术,数字电子技术,course_reference,C23,数字电子技术,"{'x': 2739.73, 'y': 1577.8, 'width': 135.0, 'height': 37.6}"
OV:126,126,汇编语言,汇编语言,course_reference,C22,汇编语言,"{'x': 1760.79, 'y': 2763.02, 'width': 103.0, 'height': 37.6}"
OV:127,127,数据结构-1,数据结构-1,course_reference,C07,数据结构,"{'x': 2022.3, 'y': 1646.91, 'width': 119.8, 'height': 37.6}"
OV:128,128,计算机组成原理,计算机组成原理,course_reference,C08,计算机组成原理,"{'x': 1763.17, 'y': 2171.49, 'width': 151.0, 'height': 37.6}"
OV:129,129,计算机操作系统,计算机操作系统,course_reference,C09,操作系统,"{'x': 2268.1, 'y': 2404.44, 'width': 151.0, 'height': 37.6}"
OV:130,130,计算机网络,计算机网络,course_reference,C10,计算机网络,"{'x': 1594.72, 'y': 1741.18, 'width': 119.0, 'height': 37.6}"
OV:131,131,数据库,数据库,course_reference,C12,数据库,"{'x': 2515.02, 'y': 1715.67, 'width': 87.0, 'height': 37.6}"
OV:132,132,编译原理,编译原理,course_reference,C11,编译原理,"{'x': 3360.7, 'y': 1808.79, 'width': 103.0, 'height': 37.6}"
OV:133,133,软件工程,软件工程,course_reference,C14,软件工程,"{'x': 2209.94, 'y': 1761.6, 'width': 103.0, 'height': 37.6}"
OV:134,134,人工智能,人工智能,course_reference,C16,人工智能,"{'x': 3153.28, 'y': 1037.47, 'width': 103.0, 'height': 37.6}"
OV:135,135,计算机图形学,计算机图形学,course_reference,C26,计算机图形学,"{'x': 2171.1, 'y': 430.056, 'width': 135.0, 'height': 37.6}"
OV:136,136,嵌入式系统,嵌入式系统,course_reference,C19,嵌入式系统,"{'x': 998.284, 'y': 1998.24, 'width': 119.0, 'height': 37.6}"
OV:137,137,数字图像处理,数字图像处理,course_reference,C25,数字图像处理,"{'x': 2673.03, 'y': 636.909, 'width': 135.0, 'height': 37.6}"
OV:138,138,分布式数据库,分布式数据库,course_reference,C13,分布式数据库,"{'x': 2704.51, 'y': 2404.44, 'width': 135.0, 'height': 37.6}"
OV:139,139,数据挖掘,数据挖掘,course_reference,C15,数据挖掘,"{'x': 3141.47, 'y': 781.412, 'width': 103.0, 'height': 37.6}"
OV:140,140,云计算-1,云计算-1,course_reference,C17,云计算,"{'x': 3456.36, 'y': 2044.33, 'width': 103.8, 'height': 37.6}"
OV:141,141,物联网技术,物联网技术,course_reference,C18,物联网技术,"{'x': 1158.23, 'y': 1546.87, 'width': 119.0, 'height': 37.6}"
OV:143,143,微机原理-1,微机原理-1,course_reference,C21,微机原理,"{'x': 3392.36, 'y': 1560.97, 'width': 119.8, 'height': 37.6}"
OV:144,144,图形变换,图形变换,cross_course_concept,,,"{'x': 2171.1, 'y': 520.069, 'width': 103.0, 'height': 37.6}"
OV:145,145,导数与微分,导数与微分,cross_course_concept,,,"{'x': 2079.96, 'y': 811.53, 'width': 119.0, 'height': 37.6}"
OV:146,146,几何造型,几何造型,cross_course_concept,,,"{'x': 2034.36, 'y': 520.069, 'width': 103.0, 'height': 37.6}"
OV:147,147,向量代数与空间解析几何,向量代数与空间解析几何,cross_course_concept,,,"{'x': 2203.1, 'y': 731.671, 'width': 215.0, 'height': 37.6}"
OV:160,160,重积分,重积分,cross_course_concept,,,"{'x': 2319.32, 'y': 901.88, 'width': 87.0, 'height': 37.6}"
OV:152,152,无穷级数,无穷级数,cross_course_concept,,,"{'x': 2365.26, 'y': 980.0, 'width': 103.0, 'height': 37.6}"
OV:161,161,图像表示与描述,图像表示与描述,cross_course_concept,,,"{'x': 2509.64, 'y': 781.412, 'width': 151.0, 'height': 37.6}"
OV:162,162,图像变换,图像变换,cross_course_concept,,,"{'x': 2657.03, 'y': 811.53, 'width': 103.0, 'height': 37.6}"
OV:166,166,彩色处理,彩色处理,cross_course_concept,,,"{'x': 2445.5, 'y': 712.706, 'width': 103.0, 'height': 37.6}"
OV:178,178,矩阵的初等变换与线性方程组,矩阵的初等变换与线性方程组,cross_course_concept,,,"{'x': 1831.9, 'y': 712.706, 'width': 247.0, 'height': 37.6}"
OV:187,187,不确定性推理,不确定性推理,cross_course_concept,,,"{'x': 2914.59, 'y': 1128.36, 'width': 135.0, 'height': 37.6}"
OV:189,189,样本及其抽样分布,样本及其抽样分布,cross_course_concept,,,"{'x': 2643.1, 'y': 1158.4, 'width': 167.0, 'height': 37.6}"
OV:190,190,假设检验,假设检验,cross_course_concept,,,"{'x': 2627.1, 'y': 1299.93, 'width': 103.0, 'height': 37.6}"
OV:194,194,样本数字特征,样本数字特征,cross_course_concept,,,"{'x': 2558.93, 'y': 1024.95, 'width': 135.0, 'height': 37.6}"
OV:200,200,参数估计,参数估计,cross_course_concept,,,"{'x': 2606.23, 'y': 1230.18, 'width': 103.0, 'height': 37.6}"
OV:206,206,图像压缩编码,图像压缩编码,cross_course_concept,,,"{'x': 2790.2, 'y': 864.52, 'width': 135.0, 'height': 37.6}"
OV:208,208,随机变量及其分布,随机变量及其分布,cross_course_concept,,,"{'x': 2757.2, 'y': 1060.88, 'width': 167.0, 'height': 37.6}"
OV:213,213,数据基本统计描述,数据基本统计描述,cross_course_concept,,,"{'x': 2989.85, 'y': 861.04, 'width': 167.0, 'height': 37.6}"
OV:214,214,数据预处理,数据预处理,cross_course_concept,,,"{'x': 3133.47, 'y': 920.17, 'width': 119.0, 'height': 37.6}"
OV:220,220,命题逻辑,命题逻辑,cross_course_concept,,,"{'x': 2461.5, 'y': 1414.6, 'width': 103.0, 'height': 37.6}"
OV:221,221,一阶逻辑,一阶逻辑,cross_course_concept,,,"{'x': 2359.32, 'y': 1467.2, 'width': 103.0, 'height': 37.6}"
OV:224,224,逻辑代数,逻辑代数,cross_course_concept,,,"{'x': 2631.38, 'y': 1492.71, 'width': 103.0, 'height': 37.6}"
OV:228,228,图/树,图/树,cross_course_concept,,,"{'x': 2133.03, 'y': 1426.57, 'width': 78.2, 'height': 37.6}"
OV:231,231,图/树,图/树,cross_course_concept,,,"{'x': 2014.3, 'y': 1527.31, 'width': 78.2, 'height': 37.6}"
OV:235,235,二元关系,二元关系,cross_course_concept,,,"{'x': 2235.05, 'y': 1479.17, 'width': 103.0, 'height': 37.6}"
OV:238,238,数据库模型,数据库模型,cross_course_concept,,,"{'x': 2359.32, 'y': 1629.97, 'width': 119.0, 'height': 37.6}"
OV:243,243,面向对象方法,面向对象方法,cross_course_concept,,,"{'x': 2208.7, 'y': 1675.2, 'width': 135.0, 'height': 37.6}"
OV:250,250,一阶谓词逻辑知识表示法,一阶谓词逻辑知识表示法,cross_course_concept,,,"{'x': 3141.47, 'y': 1347.43, 'width': 215.0, 'height': 37.6}"
OV:252,252,确定性推理,确定性推理,cross_course_concept,,,"{'x': 2989.5, 'y': 1250.29, 'width': 119.0, 'height': 37.6}"
OV:258,258,数字图像处理基础,数字图像处理基础,cross_course_concept,,,"{'x': 2415.32, 'y': 636.909, 'width': 167.0, 'height': 37.6}"
OV:261,261,光,光,cross_course_concept,,,"{'x': 1863.9, 'y': 1250.29, 'width': 55.0, 'height': 37.6}"
OV:262,262,机械波,机械波,cross_course_concept,,,"{'x': 1890.08, 'y': 1414.6, 'width': 87.0, 'height': 37.6}"
OV:266,266,物理层/编码与调制,物理层/编码与调制,cross_course_concept,,,"{'x': 1640.84, 'y': 1577.8, 'width': 174.2, 'height': 37.6}"
OV:271,271,网络层/路由算法,网络层/路由算法,cross_course_concept,,,"{'x': 1793.12, 'y': 1660.07, 'width': 158.2, 'height': 37.6}"
OV:275,275,数-模和模-数转换,数-模和模-数转换,cross_course_concept,,,"{'x': 2554.22, 'y': 1617.73, 'width': 165.4, 'height': 37.6}"
OV:278,278,计算机的计算,计算机的计算,cross_course_concept,,,"{'x': 1692.33, 'y': 2028.34, 'width': 135.0, 'height': 37.6}"
OV:279,279,数据链路层/差错编码,数据链路层/差错编码,cross_course_concept,,,"{'x': 1581.97, 'y': 1885.18, 'width': 190.2, 'height': 37.6}"
OV:283,283,感知识别,感知识别,cross_course_concept,,,"{'x': 1261.86, 'y': 1687.27, 'width': 103.0, 'height': 37.6}"
OV:287,287,局域网,局域网,cross_course_concept,,,"{'x': 1515.38, 'y': 1651.76, 'width': 87.0, 'height': 37.6}"
OV:290,290,网络构建/WIFI,网络构建/WIFI,cross_course_concept,,,"{'x': 1343.15, 'y': 1559.53, 'width': 147.8, 'height': 37.6}"
OV:294,294,变化的电磁场,变化的电磁场,cross_course_concept,,,"{'x': 1752.7, 'y': 1354.4, 'width': 135.0, 'height': 37.6}"
OV:298,298,嵌入式软件介绍,嵌入式软件介绍,cross_course_concept,,,"{'x': 1158.23, 'y': 1871.06, 'width': 151.0, 'height': 37.6}"
OV:305,305,管理服务,管理服务,cross_course_concept,,,"{'x': 1166.23, 'y': 1417.14, 'width': 103.0, 'height': 37.6}"
OV:307,307,网络信息安全,网络信息安全,cross_course_concept,,,"{'x': 1182.23, 'y': 1040.35, 'width': 135.0, 'height': 37.6}"
OV:308,308,无线网络安全,无线网络安全,cross_course_concept,,,"{'x': 1150.23, 'y': 1200.0, 'width': 135.0, 'height': 37.6}"
OV:344,344,高级程序设计语言的语法描述,高级程序设计语言的语法描述,cross_course_concept,,,"{'x': 3619.19, 'y': 1808.79, 'width': 247.0, 'height': 37.6}"
OV:346,346,产生式表达和框架表示法,产生式表达和框架表示法,cross_course_concept,,,"{'x': 3392.36, 'y': 1313.14, 'width': 215.0, 'height': 37.6}"
OV:351,351,嵌入式硬件组成,嵌入式硬件组成,cross_course_concept,,,"{'x': 1266.54, 'y': 1968.7, 'width': 151.0, 'height': 37.6}"
OV:352,352,ISA体系结构,ISA体系结构,cross_course_concept,,,"{'x': 1168.63, 'y': 2163.48, 'width': 130.2, 'height': 37.6}"
OV:353,353,嵌入式处理器,嵌入式处理器,cross_course_concept,,,"{'x': 1277.86, 'y': 2066.33, 'width': 135.0, 'height': 37.6}"
OV:354,354,板载总线/存储器,板载总线/存储器,cross_course_concept,,,"{'x': 964.63, 'y': 2163.48, 'width': 158.2, 'height': 37.6}"
OV:359,359,计算机硬件组成,计算机硬件组成,cross_course_concept,,,"{'x': 1515.38, 'y': 2029.18, 'width': 151.0, 'height': 37.6}"
OV:362,362,中央处理器,中央处理器,cross_course_concept,,,"{'x': 1530.89, 'y': 2125.91, 'width': 119.0, 'height': 37.6}"
OV:365,365,指令系统,指令系统,cross_course_concept,,,"{'x': 1417.5, 'y': 2214.96, 'width': 103.0, 'height': 37.6}"
OV:366,366,总线/存储器,总线/存储器,cross_course_concept,,,"{'x': 1629.67, 'y': 2272.7, 'width': 126.2, 'height': 37.6}"
OV:372,372,时序逻辑电路,时序逻辑电路,cross_course_concept,,,"{'x': 2963.17, 'y': 1761.6, 'width': 135.0, 'height': 37.6}"
OV:378,378,总体设计,总体设计,cross_course_concept,,,"{'x': 2026.7, 'y': 1858.03, 'width': 103.0, 'height': 37.6}"
OV:381,381,组合逻辑电路时序逻辑电路,组合逻辑电路时序逻辑电路,cross_course_concept,,,"{'x': 2674.91, 'y': 1690.35, 'width': 135.0, 'height': 59.2}"
OV:384,384,软件测试,软件测试,cross_course_concept,,,"{'x': 2021.74, 'y': 1752.47, 'width': 103.0, 'height': 37.6}"
OV:388,388,嵌入式系统实现与测试,嵌入式系统实现与测试,cross_course_concept,,,"{'x': 1360.3, 'y': 1908.21, 'width': 199.0, 'height': 37.6}"
OV:391,391,软件工程概论,软件工程概论,cross_course_concept,,,"{'x': 2248.88, 'y': 1849.85, 'width': 135.0, 'height': 37.6}"
OV:393,393,数据库设计,数据库设计,cross_course_concept,,,"{'x': 2355.96, 'y': 1716.92, 'width': 119.0, 'height': 37.6}"
OV:398,398,指针/数据类型,指针/数据类型,cross_course_concept,,,"{'x': 1793.12, 'y': 1931.29, 'width': 142.2, 'height': 37.6}"
OV:399,399,控制语句,控制语句,cross_course_concept,,,"{'x': 2192.7, 'y': 2073.54, 'width': 103.0, 'height': 37.6}"
OV:400,400,文件操作,文件操作,cross_course_concept,,,"{'x': 2047.15, 'y': 2227.76, 'width': 103.0, 'height': 37.6}"
OV:405,405,动态内存管理,动态内存管理,cross_course_concept,,,"{'x': 1983.15, 'y': 1968.0, 'width': 135.0, 'height': 37.6}"
OV:408,408,控制语句的属性文法,控制语句的属性文法,cross_course_concept,,,"{'x': 3134.21, 'y': 1825.88, 'width': 183.0, 'height': 37.6}"
OV:413,413,文件管理,文件管理,cross_course_concept,,,"{'x': 2059.38, 'y': 2349.18, 'width': 103.0, 'height': 37.6}"
OV:439,439,数制与码制,数制与码制,cross_course_concept,,,"{'x': 2829.26, 'y': 1680.0, 'width': 119.0, 'height': 37.6}"
OV:443,443,半导体存储器,半导体存储器,cross_course_concept,,,"{'x': 3215.85, 'y': 1504.94, 'width': 135.0, 'height': 37.6}"
OV:445,445,半导体存储电路,半导体存储电路,cross_course_concept,,,"{'x': 2939.15, 'y': 1525.65, 'width': 151.0, 'height': 37.6}"
OV:448,448,存储器,存储器,cross_course_concept,,,"{'x': 1806.01, 'y': 2404.44, 'width': 87.0, 'height': 37.6}"
OV:450,450,内存管理,内存管理,cross_course_concept,,,"{'x': 2026.7, 'y': 2440.89, 'width': 103.0, 'height': 37.6}"
OV:454,454,嵌入式软件,嵌入式软件,cross_course_concept,,,"{'x': 1088.7, 'y': 2353.6, 'width': 119.0, 'height': 37.6}"
OV:456,456,I/O管理,I/O管理,cross_course_concept,,,"{'x': 2033.5, 'y': 2538.4, 'width': 96.6, 'height': 37.6}"
OV:459,459,进程管理,进程管理,cross_course_concept,,,"{'x': 2243.9, 'y': 2264.8, 'width': 103.0, 'height': 37.6}"
OV:461,461,管理系统,管理系统,cross_course_concept,,,"{'x': 2449.5, 'y': 1796.0, 'width': 103.0, 'height': 37.6}"
OV:465,465,脉冲电路,脉冲电路,cross_course_concept,,,"{'x': 2965.5, 'y': 1607.43, 'width': 103.0, 'height': 37.6}"
OV:467,467,波形与信号转换,波形与信号转换,cross_course_concept,,,"{'x': 3176.7, 'y': 1612.0, 'width': 151.0, 'height': 37.6}"
OV:470,470,半导体基础,半导体基础,cross_course_concept,,,"{'x': 3134.3, 'y': 1692.8, 'width': 119.0, 'height': 37.6}"
OV:493,493,基本图像绘制,基本图像绘制,cross_course_concept,,,"{'x': 2399.32, 'y': 485.315, 'width': 135.0, 'height': 37.6}"
OV:496,496,图像分割,图像分割,cross_course_concept,,,"{'x': 2533.64, 'y': 561.112, 'width': 103.0, 'height': 37.6}"
OV:499,499,真实感图形绘制,真实感图形绘制,cross_course_concept,,,"{'x': 2319.32, 'y': 542.147, 'width': 151.0, 'height': 37.6}"
OV:504,504,图形变换,图形变换,cross_course_concept,,,"{'x': 2458.37, 'y': 423.826, 'width': 103.0, 'height': 37.6}"
OV:506,506,图像基本运算,图像基本运算,cross_course_concept,,,"{'x': 2643.41, 'y': 480.87, 'width': 135.0, 'height': 37.6}"
OV:510,510,分布式数据库设计,分布式数据库设计,cross_course_concept,,,"{'x': 2417.5, 'y': 2300.29, 'width': 167.0, 'height': 37.6}"
OV:514,514,数据库绪论,数据库绪论,cross_course_concept,,,"{'x': 2577.42, 'y': 2118.9, 'width': 119.0, 'height': 37.6}"
OV:515,515,关系查询处理和优化,关系查询处理和优化,cross_course_concept,,,"{'x': 2744.51, 'y': 2073.54, 'width': 183.0, 'height': 37.6}"
OV:516,516,数据库恢复技术,数据库恢复技术,cross_course_concept,,,"{'x': 2855.9, 'y': 2009.6, 'width': 151.0, 'height': 37.6}"
OV:520,520,基本概念,基本概念,cross_course_concept,,,"{'x': 2704.51, 'y': 2238.99, 'width': 103.0, 'height': 37.6}"
OV:521,521,分布查询处理,分布查询处理,cross_course_concept,,,"{'x': 2855.9, 'y': 2186.4, 'width': 135.0, 'height': 37.6}"
OV:522,522,分布式事务,分布式事务,cross_course_concept,,,"{'x': 3037.5, 'y': 2186.4, 'width': 119.0, 'height': 37.6}"
OV:523,523,分布式管理系统,分布式管理系统,cross_course_concept,,,"{'x': 2523.02, 'y': 2227.76, 'width': 151.0, 'height': 37.6}"
OV:532,532,微机原理-2,微机原理-2,cross_course_concept,,,"{'x': 1360.3, 'y': 2691.84, 'width': 119.8, 'height': 37.6}"
OV:533,533,微机处理器与总线,微机处理器与总线,cross_course_concept,,,"{'x': 1339.32, 'y': 2542.91, 'width': 167.0, 'height': 37.6}"
OV:537,537,输入输出与中断技术,输入输出与中断技术,cross_course_concept,,,"{'x': 1498.89, 'y': 2600.52, 'width': 183.0, 'height': 37.6}"
OV:539,539,I/O系统,I/O系统,cross_course_concept,,,"{'x': 1676.46, 'y': 2361.91, 'width': 96.6, 'height': 37.6}"
OV:542,542,8086指令系统,8086指令系统,cross_course_concept,,,"{'x': 1137.33, 'y': 2529.57, 'width': 141.4, 'height': 37.6}"
OV:573,573,SQL语言,SQL语言,cross_course_concept,,,"{'x': 2954.3, 'y': 1926.4, 'width': 102.2, 'height': 37.6}"
OV:575,575,Google云计算,Google云计算,cross_course_concept,,,"{'x': 3251.9, 'y': 2006.4, 'width': 144.6, 'height': 37.6}"
OV:579,579,微软云计算,微软云计算,cross_course_concept,,,"{'x': 3339.9, 'y': 1926.4, 'width': 119.0, 'height': 37.6}"
OV:581,581,Hadoop2.0,Hadoop2.0,cross_course_concept,,,"{'x': 3348.7, 'y': 2144.8, 'width': 127.0, 'height': 37.6}"
OV:586,586,云计算-2,云计算-2,cross_course_concept,,,"{'x': 1478.64, 'y': 1329.71, 'width': 103.8, 'height': 37.6}"
OV:587,587,身份认证和访问控制,身份认证和访问控制,cross_course_concept,,,"{'x': 1325.55, 'y': 1144.0, 'width': 183.0, 'height': 37.6}"
OV:588,588,云计算数据中心,云计算数据中心,cross_course_concept,,,"{'x': 1560.7, 'y': 1235.2, 'width': 151.0, 'height': 37.6}"
OV:591,591,Amazon云计算,Amazon云计算,cross_course_concept,,,"{'x': 1325.55, 'y': 1274.4, 'width': 153.4, 'height': 37.6}"
OV:595,595,物理安全,物理安全,cross_course_concept,,,"{'x': 1473.5, 'y': 1074.4, 'width': 103.0, 'height': 37.6}"
OV:598,598,中断处理,中断处理,cross_course_concept,,,"{'x': 1854.46, 'y': 2583.73, 'width': 103.0, 'height': 37.6}"
OV:599,599,寻址方法,寻址方法,cross_course_concept,,,"{'x': 1679.66, 'y': 2642.85, 'width': 103.0, 'height': 37.6}"
OV:606,606,数据结构-2,数据结构-2,cross_course_concept,,,"{'x': 2297.41, 'y': 2600.52, 'width': 119.8, 'height': 37.6}"
OV:608,608,内存访问,内存访问,cross_course_concept,,,"{'x': 1926.3, 'y': 2678.4, 'width': 103.0, 'height': 37.6}"
OV:609,609,线性表,线性表,cross_course_concept,,,"{'x': 2149.5, 'y': 2661.6, 'width': 87.0, 'height': 37.6}"
OV:614,614,包含多个段的程序,包含多个段的程序,cross_course_concept,,,"{'x': 1958.3, 'y': 2763.02, 'width': 167.0, 'height': 37.6}"
OV:615,615,C语言-2,C语言-2,cross_course_concept,,,"{'x': 2359.1, 'y': 2678.4, 'width': 98.2, 'height': 37.6}"
OV:619,619,程序设计,程序设计,cross_course_concept,,,"{'x': 2228.61, 'y': 2740.0, 'width': 103.0, 'height': 37.6}"
